[{"model": "admin.logentry", "pk": 1, "fields": {"action_time": "2026-01-05T19:42:11.250Z", "user": 2, "content_type": 8, "object_id": "17", "object_repr": "Einarmiges Kurzhantelrudern", "action_flag": 2, "change_message": "[{\"changed\": {\"fields\": [\"Foto/Grafik\"]}}]"}}, {"model": "admin.logentry", "pk": 2, "fields": {"action_time": "2026-01-05T19:51:57.012Z", "user": 2, "content_type": 8, "object_id": "2", "object_repr": "Bankdrücken (Langhantel)", "action_flag": 2, "change_message": "[{\"changed\": {\"fields\": [\"Foto/Grafik\"]}}]"}}, {"model": "admin.logentry", "pk": 3, "fields": {"action_time": "2026-01-10T09:33:30.133Z", "user": 2, "content_type": 8, "object_id": "3", "object_repr": "Schrägbankdrücken (Kurzhantel)", "action_flag": 2, "change_message": "[{\"changed\": {\"fields\": [\"Ben\\u00f6tigtes Equipment\"]}}]"}}, {"model": "admin.logentry", "pk": 4, "fields": {"action_time": "2026-01-10T09:33:52.372Z", "user": 2, "content_type": 8, "object_id": "48", "object_repr": "Fliegende (Kurzhantel, Schrägbank)", "action_flag": 2, "change_message": "[{\"changed\": {\"fields\": [\"Ben\\u00f6tigtes Equipment\"]}}]"}}, {"model": "admin.logentry", "pk": 5, "fields": {"action_time": "2026-01-10T09:34:18.339Z", "user": 2, "content_type": 8, "object_id": "19", "object_repr": "Y-Raises (Schrägbank/leichte DB)", "action_flag": 2, "change_message": "[{\"changed\": {\"fields\": [\"Ben\\u00f6tigtes Equipment\"]}}]"}}, {"model": "admin.logentry", "pk": 6, "fields": {"action_time": "2026-01-10T21:25:16.140Z", "user": 2, "content_type": 8, "object_id": "5", "object_repr": "Schulterdrücken (Stehend, Langhantel)", "action_flag": 2, "change_message": "[{\"changed\": {\"fields\": [\"Foto/Grafik\"]}}]"}}, {"model": "admin.logentry", "pk": 7, "fields": {"action_time": "2026-01-10T21:28:20.667Z", "user": 2, "content_type": 8, "object_id": "11", "object_repr": "Trizeps Overhead Extension (Kurzhantel)", "action_flag": 2, "change_message": "[{\"changed\": {\"fields\": [\"Foto/Grafik\"]}}]"}}, {"model": "admin.logentry", "pk": 8, "fields": {"action_time": "2026-01-10T21:38:28.638Z", "user": 2, "content_type": 8, "object_id": "76", "object_repr": "Lying Lateral Raises (Bank, Kurzhantel)", "action_flag": 2, "change_message": "[{\"changed\": {\"fields\": [\"Foto/Grafik\"]}}]"}}, {"model": "admin.logentry", "pk": 9, "fields": {"action_time": "2026-01-10T21:39:33.095Z", "user": 2, "content_type": 8, "object_id": "58", "object_repr": "Trizeps Pushdown (Kabelzug)", "action_flag": 2, "change_message": "[{\"changed\": {\"fields\": [\"Ben\\u00f6tigtes Equipment\"]}}]"}}, {"model": "admin.logentry", "pk": 10, "fields": {"action_time": "2026-01-10T21:41:44.600Z", "user": 2, "content_type": 8, "object_id": "58", "object_repr": "Trizeps Pushdown (Kabelzug)", "action_flag": 2, "change_message": "[{\"changed\": {\"fields\": [\"Foto/Grafik\"]}}]"}}, {"model": "admin.logentry", "pk": 11, "fields": {"action_time": "2026-01-10T21:44:39.669Z", "user": 2, "content_type": 8, "object_id": "74", "object_repr": "Front Raises (Kurzhantel)", "action_flag": 2, "change_message": "[{\"changed\": {\"fields\": [\"Foto/Grafik\"]}}]"}}, {"model": "admin.logentry", "pk": 12, "fields": {"action_time": "2026-01-10T21:48:08.161Z", "user": 2, "content_type": 8, "object_id": "12", "object_repr": "Dips (Barren)", "action_flag": 2, "change_message": "[{\"changed\": {\"fields\": [\"Ben\\u00f6tigtes Equipment\"]}}]"}}, {"model": "admin.logentry", "pk": 13, "fields": {"action_time": "2026-01-10T21:49:56.633Z", "user": 2, "content_type": 8, "object_id": "12", "object_repr": "Dips (Barren)", "action_flag": 2, "change_message": "[{\"changed\": {\"fields\": [\"Foto/Grafik\"]}}]"}}, {"model": "admin.logentry", "pk": 14, "fields": {"action_time": "2026-01-10T22:40:30.942Z", "user": 2, "content_type": 14, "object_id": "22", "object_repr": "Adduktoren Maschine", "action_flag": 1, "change_message": "[{\"added\": {}}]"}}, {"model": "admin.logentry", "pk": 15, "fields": {"action_time": "2026-01-10T22:40:41.849Z", "user": 2, "content_type": 14, "object_id": "23", "object_repr": "Abduktoren Maschine", "action_flag": 1, "change_message": "[{\"added\": {}}]"}}, {"model": "admin.logentry", "pk": 16, "fields": {"action_time": "2026-01-12T18:04:47.973Z", "user": 2, "content_type": 4, "object_id": "3", "object_repr": "Andrea", "action_flag": 1, "change_message": "[{\"added\": {}}]"}}, {"model": "admin.logentry", "pk": 17, "fields": {"action_time": "2026-01-12T18:08:15.593Z", "user": 2, "content_type": 4, "object_id": "3", "object_repr": "Andrea", "action_flag": 2, "change_message": "[{\"changed\": {\"fields\": [\"User permissions\"]}}]"}}, {"model": "admin.logentry", "pk": 18, "fields": {"action_time": "2026-01-12T18:15:48.790Z", "user": 2, "content_type": 4, "object_id": "3", "object_repr": "Andrea", "action_flag": 2, "change_message": "[{\"changed\": {\"fields\": [\"Groups\", \"User permissions\"]}}]"}}, {"model": "admin.logentry", "pk": 19, "fields": {"action_time": "2026-01-12T18:16:20.506Z", "user": 2, "content_type": 3, "object_id": "1", "object_repr": "Standard User", "action_flag": 2, "change_message": "[{\"changed\": {\"fields\": [\"Permissions\"]}}]"}}, {"model": "admin.logentry", "pk": 20, "fields": {"action_time": "2026-01-14T17:19:30.194Z", "user": 2, "content_type": 8, "object_id": "63", "object_repr": "Lat Pulldown (breiter Griff)", "action_flag": 2, "change_message": "[{\"changed\": {\"fields\": [\"Ben\\u00f6tigtes Equipment\"]}}]"}}, {"model": "admin.logentry", "pk": 21, "fields": {"action_time": "2026-01-24T16:59:30.567Z", "user": 2, "content_type": 8, "object_id": "68", "object_repr": "Inverted Rows (Körpergewicht)", "action_flag": 2, "change_message": "[{\"changed\": {\"fields\": [\"Hilfsmuskelgruppen\", \"Ben\\u00f6tigtes Equipment\"]}}]"}}, {"model": "admin.logentry", "pk": 22, "fields": {"action_time": "2026-02-04T21:39:26.568Z", "user": 2, "content_type": 8, "object_id": "10", "object_repr": "Trizepsdrücken am Kabel (Pushdown)", "action_flag": 2, "change_message": "[{\"changed\": {\"fields\": [\"Ben\\u00f6tigtes Equipment\"]}}]"}}, {"model": "admin.logentry", "pk": 23, "fields": {"action_time": "2026-02-04T21:51:29.466Z", "user": 2, "content_type": 8, "object_id": "50", "object_repr": "Butterfly (Kabelzug)", "action_flag": 2, "change_message": "[{\"changed\": {\"fields\": [\"Name der \\u00dcbung\", \"Tags\", \"Ben\\u00f6tigtes Equipment\", \"Anleitung / Notizen\"]}}]"}}, {"model": "auth.permission", "pk": 1, "fields": {"name": "Can add log entry", "content_type": 1, "codename": "add_logentry"}}, {"model": "auth.permission", "pk": 2, "fields": {"name": "Can change log entry", "content_type": 1, "codename": "change_logentry"}}, {"model": "auth.permission", "pk": 3, "fields": {"name": "Can delete log entry", "content_type": 1, "codename": "delete_logentry"}}, {"model": "auth.permission", "pk": 4, "fields": {"name": "Can view log entry", "content_type": 1, "codename": "view_logentry"}}, {"model": "auth.permission", "pk": 5, "fields": {"name": "Can add permission", "content_type": 2, "codename": "add_permission"}}, {"model": "auth.permission", "pk": 6, "fields": {"name": "Can change permission", "content_type": 2, "codename": "change_permission"}}, {"model": "auth.permission", "pk": 7, "fields": {"name": "Can delete permission", "content_type": 2, "codename": "delete_permission"}}, {"model": "auth.permission", "pk": 8, "fields": {"name": "Can view permission", "content_type": 2, "codename": "view_permission"}}, {"model": "auth.permission", "pk": 9, "fields": {"name": "Can add group", "content_type": 3, "codename": "add_group"}}, {"model": "auth.permission", "pk": 10, "fields": {"name": "Can change group", "content_type": 3, "codename": "change_group"}}, {"model": "auth.permission", "pk": 11, "fields": {"name": "Can delete group", "content_type": 3, "codename": "delete_group"}}, {"model": "auth.permission", "pk": 12, "fields": {"name": "Can view group", "content_type": 3, "codename": "view_group"}}, {"model": "auth.permission", "pk": 13, "fields": {"name": "Can add user", "content_type": 4, "codename": "add_user"}}, {"model": "auth.permission", "pk": 14, "fields": {"name": "Can change user", "content_type": 4, "codename": "change_user"}}, {"model": "auth.permission", "pk": 15, "fields": {"name": "Can delete user", "content_type": 4, "codename": "delete_user"}}, {"model": "auth.permission", "pk": 16, "fields": {"name": "Can view user", "content_type": 4, "codename": "view_user"}}, {"model": "auth.permission", "pk": 17, "fields": {"name": "Can add content type", "content_type": 5, "codename": "add_contenttype"}}, {"model": "auth.permission", "pk": 18, "fields": {"name": "Can change content type", "content_type": 5, "codename": "change_contenttype"}}, {"model": "auth.permission", "pk": 19, "fields": {"name": "Can delete content type", "content_type": 5, "codename": "delete_contenttype"}}, {"model": "auth.permission", "pk": 20, "fields": {"name": "Can view content type", "content_type": 5, "codename": "view_contenttype"}}, {"model": "auth.permission", "pk": 21, "fields": {"name": "Can add session", "content_type": 6, "codename": "add_session"}}, {"model": "auth.permission", "pk": 22, "fields": {"name": "Can change session", "content_type": 6, "codename": "change_session"}}, {"model": "auth.permission", "pk": 23, "fields": {"name": "Can delete session", "content_type": 6, "codename": "delete_session"}}, {"model": "auth.permission", "pk": 24, "fields": {"name": "Can view session", "content_type": 6, "codename": "view_session"}}, {"model": "auth.permission", "pk": 25, "fields": {"name": "Can add Körperwert", "content_type": 7, "codename": "add_koerperwerte"}}, {"model": "auth.permission", "pk": 26, "fields": {"name": "Can change Körperwert", "content_type": 7, "codename": "change_koerperwerte"}}, {"model": "auth.permission", "pk": 27, "fields": {"name": "Can delete Körperwert", "content_type": 7, "codename": "delete_koerperwerte"}}, {"model": "auth.permission", "pk": 28, "fields": {"name": "Can view Körperwert", "content_type": 7, "codename": "view_koerperwerte"}}, {"model": "auth.permission", "pk": 29, "fields": {"name": "Can add Übung", "content_type": 8, "codename": "add_uebung"}}, {"model": "auth.permission", "pk": 30, "fields": {"name": "Can change Übung", "content_type": 8, "codename": "change_uebung"}}, {"model": "auth.permission", "pk": 31, "fields": {"name": "Can delete Übung", "content_type": 8, "codename": "delete_uebung"}}, {"model": "auth.permission", "pk": 32, "fields": {"name": "Can view Übung", "content_type": 8, "codename": "view_uebung"}}, {"model": "auth.permission", "pk": 33, "fields": {"name": "Can add Trainingseinheit", "content_type": 9, "codename": "add_trainingseinheit"}}, {"model": "auth.permission", "pk": 34, "fields": {"name": "Can change Trainingseinheit", "content_type": 9, "codename": "change_trainingseinheit"}}, {"model": "auth.permission", "pk": 35, "fields": {"name": "Can delete Trainingseinheit", "content_type": 9, "codename": "delete_trainingseinheit"}}, {"model": "auth.permission", "pk": 36, "fields": {"name": "Can view Trainingseinheit", "content_type": 9, "codename": "view_trainingseinheit"}}, {"model": "auth.permission", "pk": 37, "fields": {"name": "Can add Satz", "content_type": 10, "codename": "add_satz"}}, {"model": "auth.permission", "pk": 38, "fields": {"name": "Can change Satz", "content_type": 10, "codename": "change_satz"}}, {"model": "auth.permission", "pk": 39, "fields": {"name": "Can delete Satz", "content_type": 10, "codename": "delete_satz"}}, {"model": "auth.permission", "pk": 40, "fields": {"name": "Can view Satz", "content_type": 10, "codename": "view_satz"}}, {"model": "auth.permission", "pk": 41, "fields": {"name": "Can add Trainingsplan", "content_type": 11, "codename": "add_plan"}}, {"model": "auth.permission", "pk": 42, "fields": {"name": "Can change Trainingsplan", "content_type": 11, "codename": "change_plan"}}, {"model": "auth.permission", "pk": 43, "fields": {"name": "Can delete Trainingsplan", "content_type": 11, "codename": "delete_plan"}}, {"model": "auth.permission", "pk": 44, "fields": {"name": "Can view Trainingsplan", "content_type": 11, "codename": "view_plan"}}, {"model": "auth.permission", "pk": 45, "fields": {"name": "Can add Plan-Übung", "content_type": 12, "codename": "add_planuebung"}}, {"model": "auth.permission", "pk": 46, "fields": {"name": "Can change Plan-Übung", "content_type": 12, "codename": "change_planuebung"}}, {"model": "auth.permission", "pk": 47, "fields": {"name": "Can delete Plan-Übung", "content_type": 12, "codename": "delete_planuebung"}}, {"model": "auth.permission", "pk": 48, "fields": {"name": "Can view Plan-Übung", "content_type": 12, "codename": "view_planuebung"}}, {"model": "auth.permission", "pk": 49, "fields": {"name": "Can add Fortschrittsfoto", "content_type": 13, "codename": "add_progressphoto"}}, {"model": "auth.permission", "pk": 50, "fields": {"name": "Can change Fortschrittsfoto", "content_type": 13, "codename": "change_progressphoto"}}, {"model": "auth.permission", "pk": 51, "fields": {"name": "Can delete Fortschrittsfoto", "content_type": 13, "codename": "delete_progressphoto"}}, {"model": "auth.permission", "pk": 52, "fields": {"name": "Can view Fortschrittsfoto", "content_type": 13, "codename": "view_progressphoto"}}, {"model": "auth.permission", "pk": 53, "fields": {"name": "Can add Equipment", "content_type": 14, "codename": "add_equipment"}}, {"model": "auth.permission", "pk": 54, "fields": {"name": "Can change Equipment", "content_type": 14, "codename": "change_equipment"}}, {"model": "auth.permission", "pk": 55, "fields": {"name": "Can delete Equipment", "content_type": 14, "codename": "delete_equipment"}}, {"model": "auth.permission", "pk": 56, "fields": {"name": "Can view Equipment", "content_type": 14, "codename": "view_equipment"}}, {"model": "auth.permission", "pk": 57, "fields": {"name": "Can add Einladungscode", "content_type": 15, "codename": "add_invitecode"}}, {"model": "auth.permission", "pk": 58, "fields": {"name": "Can change Einladungscode", "content_type": 15, "codename": "change_invitecode"}}, {"model": "auth.permission", "pk": 59, "fields": {"name": "Can delete Einladungscode", "content_type": 15, "codename": "delete_invitecode"}}, {"model": "auth.permission", "pk": 60, "fields": {"name": "Can view Einladungscode", "content_type": 15, "codename": "view_invitecode"}}, {"model": "auth.permission", "pk": 61, "fields": {"name": "Can add Wartelisten-Eintrag", "content_type": 16, "codename": "add_waitlistentry"}}, {"model": "auth.permission", "pk": 62, "fields": {"name": "Can change Wartelisten-Eintrag", "content_type": 16, "codename": "change_waitlistentry"}}, {"model": "auth.permission", "pk": 63, "fields": {"name": "Can delete Wartelisten-Eintrag", "content_type": 16, "codename": "delete_waitlistentry"}}, {"model": "auth.permission", "pk": 64, "fields": {"name": "Can view Wartelisten-Eintrag", "content_type": 16, "codename": "view_waitlistentry"}}, {"model": "auth.permission", "pk": 65, "fields": {"name": "Can add Feedback", "content_type": 17, "codename": "add_feedback"}}, {"model": "auth.permission", "pk": 66, "fields": {"name": "Can change Feedback", "content_type": 17, "codename": "change_feedback"}}, {"model": "auth.permission", "pk": 67, "fields": {"name": "Can delete Feedback", "content_type": 17, "codename": "delete_feedback"}}, {"model": "auth.permission", "pk": 68, "fields": {"name": "Can view Feedback", "content_type": 17, "codename": "view_feedback"}}, {"model": "auth.permission", "pk": 69, "fields": {"name": "Can add Cardio-Einheit", "content_type": 18, "codename": "add_cardioeinheit"}}, {"model": "auth.permission", "pk": 70, "fields": {"name": "Can change Cardio-Einheit", "content_type": 18, "codename": "change_cardioeinheit"}}, {"model": "auth.permission", "pk": 71, "fields": {"name": "Can delete Cardio-Einheit", "content_type": 18, "codename": "delete_cardioeinheit"}}, {"model": "auth.permission", "pk": 72, "fields": {"name": "Can view Cardio-Einheit", "content_type": 18, "codename": "view_cardioeinheit"}}, {"model": "auth.permission", "pk": 73, "fields": {"name": "Can add Übungs-Tag", "content_type": 19, "codename": "add_uebungtag"}}, {"model": "auth.permission", "pk": 74, "fields": {"name": "Can change Übungs-Tag", "content_type": 19, "codename": "change_uebungtag"}}, {"model": "auth.permission", "pk": 75, "fields": {"name": "Can delete Übungs-Tag", "content_type": 19, "codename": "delete_uebungtag"}}, {"model": "auth.permission", "pk": 76, "fields": {"name": "Can view Übungs-Tag", "content_type": 19, "codename": "view_uebungtag"}}, {"model": "auth.permission", "pk": 77, "fields": {"name": "Can add Push Subscription", "content_type": 20, "codename": "add_pushsubscription"}}, {"model": "auth.permission", "pk": 78, "fields": {"name": "Can change Push Subscription", "content_type": 20, "codename": "change_pushsubscription"}}, {"model": "auth.permission", "pk": 79, "fields": {"name": "Can delete Push Subscription", "content_type": 20, "codename": "delete_pushsubscription"}}, {"model": "auth.permission", "pk": 80, "fields": {"name": "Can view Push Subscription", "content_type": 20, "codename": "view_pushsubscription"}}, {"model": "auth.permission", "pk": 81, "fields": {"name": "Can add ML Prediction Model", "content_type": 21, "codename": "add_mlpredictionmodel"}}, {"model": "auth.permission", "pk": 82, "fields": {"name": "Can change ML Prediction Model", "content_type": 21, "codename": "change_mlpredictionmodel"}}, {"model": "auth.permission", "pk": 83, "fields": {"name": "Can delete ML Prediction Model", "content_type": 21, "codename": "delete_mlpredictionmodel"}}, {"model": "auth.permission", "pk": 84, "fields": {"name": "Can view ML Prediction Model", "content_type": 21, "codename": "view_mlpredictionmodel"}}, {"model": "auth.group", "pk": 1, "fields": {"name": "Standard User", "permissions": [53, 54, 55, 56, 25, 26, 27, 28, 41, 42, 43, 44, 45, 46, 47, 48, 49, 50, 51, 52, 37, 38, 39, 40, 33, 34, 35, 36, 32, 21, 22, 23, 24]}}, {"model": "auth.user", "pk": 2, "fields": {"password": "pbkdf2_sha256$720000$ayQdnfOdAhTnxZOy7ltWZl$YzID5cDpv4PSxq9nizh32zkN9B9jgJ7kIN6MrfdRkuE=", "last_login": "2026-02-05T21:04:33.496Z", "is_superuser": true, "username": "Leratos", "first_name": "", "last_name": "", "email": "marcus.kohtz@signz-vision.com", "is_staff": true, "is_active": true, "date_joined": "2026-01-01T21:15:02.930Z", "groups": [], "user_permissions": []}}, {"model": "auth.user", "pk": 3, "fields": {"password": "pbkdf2_sha256$720000$lMfBUcuGOd6dMaMsSRqqut$efsznI5Jpto5h3awX/kD4305V+rhMYALC7lY7XRVqEc=", "last_login": "2026-02-05T19:43:13.227Z", "is_superuser": false, "username": "Andrea", "first_name": "", "last_name": "", "email": "", "is_staff": false, "is_active": true, "date_joined": "2026-01-12T18:04:47Z", "groups": [1], "user_permissions": []}}, {"model": "contenttypes.contenttype", "pk": 1, "fields": {"app_label": "admin", "model": "logentry"}}, {"model": "contenttypes.contenttype", "pk": 2, "fields": {"app_label": "auth", "model": "permission"}}, {"model": "contenttypes.contenttype", "pk": 3, "fields": {"app_label": "auth", "model": "group"}}, {"model": "contenttypes.contenttype", "pk": 4, "fields": {"app_label": "auth", "model": "user"}}, {"model": "contenttypes.contenttype", "pk": 5, "fields": {"app_label": "contenttypes", "model": "contenttype"}}, {"model": "contenttypes.contenttype", "pk": 6, "fields": {"app_label": "sessions", "model": "session"}}, {"model": "contenttypes.contenttype", "pk": 7, "fields": {"app_label": "core", "model": "koerperwerte"}}, {"model": "contenttypes.contenttype", "pk": 8, "fields": {"app_label": "core", "model": "uebung"}}, {"model": "contenttypes.contenttype", "pk": 9, "fields": {"app_label": "core", "model": "trainingseinheit"}}, {"model": "contenttypes.contenttype", "pk": 10, "fields": {"app_label": "core", "model": "satz"}}, {"model": "contenttypes.contenttype", "pk": 11, "fields": {"app_label": "core", "model": "plan"}}, {"model": "contenttypes.contenttype", "pk": 12, "fields": {"app_label": "core", "model": "planuebung"}}, {"model": "contenttypes.contenttype", "pk": 13, "fields": {"app_label": "core", "model": "progressphoto"}}, {"model": "contenttypes.contenttype", "pk": 14, "fields": {"app_label": "core", "model": "equipment"}}, {"model": "contenttypes.contenttype", "pk": 15, "fields": {"app_label": "core", "model": "invitecode"}}, {"model": "contenttypes.contenttype", "pk": 16, "fields": {"app_label": "core", "model": "waitlistentry"}}, {"model": "contenttypes.contenttype", "pk": 17, "fields": {"app_label": "core", "model": "feedback"}}, {"model": "contenttypes.contenttype", "pk": 18, "fields": {"app_label": "core", "model": "cardioeinheit"}}, {"model": "contenttypes.contenttype", "pk": 19, "fields": {"app_label": "core", "model": "uebungtag"}}, {"model": "contenttypes.contenttype", "pk": 20, "fields": {"app_label": "core", "model": "pushsubscription"}}, {"model": "contenttypes.contenttype", "pk": 21, "fields": {"app_label": "core", "model": "mlpredictionmodel"}}, {"model": "sessions.session", "pk": "00aw14za8xq7ocw5dffte9ajmnwe2dis", "fields": {"session_data": ".eJxVjMsOwiAQRf-FtSEMFAZcuvcbmukMSNXQpI-V8d-1SRe6veec-1I9bWvttyXP_SjqrJw6_W4D8SO3Hcid2m3SPLV1Hge9K_qgi75Okp-Xw_07qLTUb10iluBjEGAvhsCxx8yAYDABOuqALZBEH8BYy9Z12RQvmNElIZPU-wPJhzcK:1vo5Fx:avPVcFVSCKgk-C6bMHN8AUOeup4dslhrW5lV32JEIEQ", "expire_date": "2026-02-19T19:43:13.228Z"}}, {"model": "sessions.session", "pk": "41xb34brefrfx5zg4efsxvx78uzafdyq", "fields": {"session_data": ".eJxVjEEOwiAQRe_C2hDKAAWX7j0DGZipVA0kpV0Z765NutDtf-_9l4i4rSVunZc4kzgLLU6_W8L84LoDumO9NZlbXZc5yV2RB-3y2oifl8P9OyjYy7fGxJytgwRagTJBQUCnnWVQI1o9ojLsgyUmN-gEYH1WZnLeE_FkYBDvD8wPNzo:1vgqM4:NkEkbyz8OIKaBjQFzq0MBsg_p92LJFqvO-0Z2JDNb3s", "expire_date": "2026-01-30T20:23:36.859Z"}}, {"model": "sessions.session", "pk": "d0htl0hhciwjem4z5cquwv1hlw7mhgr8", "fields": {"session_data": ".eJxVjEEOwiAQRe_C2hDKAAWX7j0DGZipVA0kpV0Z765NutDtf-_9l4i4rSVunZc4kzgLLU6_W8L84LoDumO9NZlbXZc5yV2RB-3y2oifl8P9OyjYy7fGxJytgwRagTJBQUCnnWVQI1o9ojLsgyUmN-gEYH1WZnLeE_FkYBDvD8wPNzo:1vcMfB:KtYoGfw4IvebrrmRm-qJMqRcflIcHpmRdCzEJnRg1f8", "expire_date": "2026-01-18T11:52:49.836Z"}}, {"model": "sessions.session", "pk": "etra6tgz3i7f3pqbvb524r96pbtyaltp", "fields": {"session_data": ".eJxVjDsOwjAQBe_iGlkrf2NKes5grXcdHEC2FCcV4u5gKQW0M_PeS0TctxL3nte4sDgLJU6_LCE9ch2C71hvTVKr27okORJ52C6vjfPzcrR_BwV7GWuVWGdOlr0FIsYA3nkEr7XTwbgAMKOaZgJSQEYpY-HLrTFuCjpl8f4A4w43CQ:1vo6Wf:bT82wlAE9CickkdN4S77UHtDtAw-9WkIhar0R7eCzJQ", "expire_date": "2026-02-19T21:04:33.497Z"}}, {"model": "sessions.session", "pk": "gjzrta80uwq9lfh1yesgc2ef8eq4pjre", "fields": {"session_data": ".eJxVjEEOwiAQRe_C2hDKAAWX7j0DGZipVA0kpV0Z765NutDtf-_9l4i4rSVunZc4kzgLLU6_W8L84LoDumO9NZlbXZc5yV2RB-3y2oifl8P9OyjYy7fGxJytgwRagTJBQUCnnWVQI1o9ojLsgyUmN-gEYH1WZnLeE_FkYBDvD8wPNzo:1vkSln:rYaqqI8ixf8ECTRt9tos6bvuItiZ7mdvqYiIh6yP8U8", "expire_date": "2026-02-09T20:01:07.884Z"}}, {"model": "sessions.session", "pk": "i0lagtlo5pfc1z2zhc2nqzous8vrqav9", "fields": {"session_data": ".eJxVjDsOwjAQBe_iGll2_IlNSZ8zRLveNQ4gW8qnQtydREoB7ZuZ9xYjbGsZt4XncSJxFUZcfjeE9OR6AHpAvTeZWl3nCeWhyJMucmjEr9vp_h0UWMpeBwehc8oYm4wHxKCo5-B6r8HGyGi1RUesmJXKOnEGynrn2MVAXlnx-QLV7TfT:1vfMNS:bNQLMfkiUvVhiqeERxUtjc49vquLJvwnHpTK4sLOIU4", "expire_date": "2026-01-26T18:10:54.323Z"}}, {"model": "sessions.session", "pk": "kvzykhyah6yie9bo45x0yugmtuedpy75", "fields": {"session_data": ".eJxVjDsOwjAQBe_iGlkrf2NKes5grXcdHEC2FCcV4u5gKQW0M_PeS0TctxL3nte4sDgLJU6_LCE9ch2C71hvTVKr27okORJ52C6vjfPzcrR_BwV7GWuVWGdOlr0FIsYA3nkEr7XTwbgAMKOaZgJSQEYpY-HLrTFuCjpl8f4A4w43CQ:1vo5FV:6C8nH8KwMKczQuupG-QF-l3lERk4cQ2LALT2VkDX69k", "expire_date": "2026-02-19T19:42:45.714Z"}}, {"model": "sessions.session", "pk": "lh6m99rfatdjuqizs83u3uu3d5fila3v", "fields": {"session_data": ".eJxVjEEOwiAQRe_C2hDKAAWX7j0DGZipVA0kpV0Z765NutDtf-_9l4i4rSVunZc4kzgLLU6_W8L84LoDumO9NZlbXZc5yV2RB-3y2oifl8P9OyjYy7fGxJytgwRagTJBQUCnnWVQI1o9ojLsgyUmN-gEYH1WZnLeE_FkYBDvD8wPNzo:1virQd:3ZPDCf5gaEjgzdoL0NZDFrz1LRZgBSzLE74CSWR8VO4", "expire_date": "2026-02-05T09:56:39.333Z"}}, {"model": "sessions.session", "pk": "y45tud91kx3vt0y53953ose89feuwvab", "fields": {"session_data": ".eJxVjEEOwiAQRe_C2hDKAAWX7j0DGZipVA0kpV0Z765NutDtf-_9l4i4rSVunZc4kzgLLU6_W8L84LoDumO9NZlbXZc5yV2RB-3y2oifl8P9OyjYy7fGxJytgwRagTJBQUCnnWVQI1o9ojLsgyUmN-gEYH1WZnLeE_FkYBDvD8wPNzo:1vcMhp:lt_VjiEkHEXGUadoa-r9OQcTHlk_l1B0S_9iH3NfwuA", "expire_date": "2026-01-18T11:55:33.553Z"}}, {"model": "core.uebungtag", "pk": 1, "fields": {"name": "COMPOUND", "beschreibung": "", "farbe": "#0d6efd", "erstellt_am": "2026-02-04T21:01:09.582Z"}}, {"model": "core.uebungtag", "pk": 2, "fields": {"name": "ISOLATION", "beschreibung": "", "farbe": "#6f42c1", "erstellt_am": "2026-02-04T21:01:09.583Z"}}, {"model": "core.uebungtag", "pk": 3, "fields": {"name": "BEGINNER", "beschreibung": "", "farbe": "#198754", "erstellt_am": "2026-02-04T21:01:09.584Z"}}, {"model": "core.uebungtag", "pk": 4, "fields": {"name": "ADVANCED", "beschreibung": "", "farbe": "#dc3545", "erstellt_am": "2026-02-04T21:01:09.585Z"}}, {"model": "core.uebungtag", "pk": 5, "fields": {"name": "FUNCTIONAL", "beschreibung": "", "farbe": "#fd7e14", "erstellt_am": "2026-02-04T21:01:09.586Z"}}, {"model": "core.uebungtag", "pk": 6, "fields": {"name": "POWER", "beschreibung": "", "farbe": "#e83e8c", "erstellt_am": "2026-02-04T21:01:09.587Z"}}, {"model": "core.uebungtag", "pk": 7, "fields": {"name": "MOBILITY", "beschreibung": "", "farbe": "#20c997", "erstellt_am": "2026-02-04T21:01:09.588Z"}}, {"model": "core.uebungtag", "pk": 8, "fields": {"name": "CARDIO", "beschreibung": "", "farbe": "#d63384", "erstellt_am": "2026-02-04T21:01:09.588Z"}}, {"model": "core.uebungtag", "pk": 9, "fields": {"name": "CORE", "beschreibung": "", "farbe": "#ffc107", "erstellt_am": "2026-02-04T21:01:09.589Z"}}, {"model": "core.uebungtag", "pk": 10, "fields": {"name": "UNILATERAL", "beschreibung": "", "farbe": "#17a2b8", "erstellt_am": "2026-02-04T21:01:09.590Z"}}, {"model": "core.uebungtag", "pk": 11, "fields": {"name": "INJURY_PRONE", "beschreibung": "", "farbe": "#dc3545", "erstellt_am": "2026-02-04T21:01:09.591Z"}}, {"model": "core.uebungtag", "pk": 12, "fields": {"name": "LOW_IMPACT", "beschreibung": "", "farbe": "#28a745", "erstellt_am": "2026-02-04T21:01:09.592Z"}}, {"model": "core.equipment", "pk": 1, "fields": {"name": "LANGHANTEL", "beschreibung": "", "erstellt_am": "2026-01-09T21:28:49.183Z", "users": [2, 3]}}, {"model": "core.equipment", "pk": 2, "fields": {"name": "KURZHANTEL", "beschreibung": "", "erstellt_am": "2026-01-09T21:28:49.664Z", "users": [2, 3]}}, {"model": "core.equipment", "pk": 3, "fields": {"name": "BANK", "beschreibung": "", "erstellt_am": "2026-01-09T21:28:50.137Z", "users": [2, 3]}}, {"model": "core.equipment", "pk": 4, "fields": {"name": "HANTELSCHEIBEN", "beschreibung": "", "erstellt_am": "2026-01-09T21:28:50.623Z", "users": [2]}}, {"model": "core.equipment", "pk": 5, "fields": {"name": "KLIMMZUG", "beschreibung": "", "erstellt_am": "2026-01-09T21:28:51.247Z", "users": [2, 3]}}, {"model": "core.equipment", "pk": 6, "fields": {"name": "KETTLEBELL", "beschreibung": "", "erstellt_am": "2026-01-09T21:40:00.695Z", "users": [2, 3]}}, {"model": "core.equipment", "pk": 7, "fields": {"name": "SCHRAEGBANK", "beschreibung": "", "erstellt_am": "2026-01-09T21:40:00.696Z", "users": [2, 3]}}, {"model": "core.equipment", "pk": 8, "fields": {"name": "DIP", "beschreibung": "", "erstellt_am": "2026-01-09T21:40:00.697Z", "users": [3]}}, {"model": "core.equipment", "pk": 9, "fields": {"name": "KABELZUG", "beschreibung": "", "erstellt_am": "2026-01-09T21:40:00.698Z", "users": [3]}}, {"model": "core.equipment", "pk": 10, "fields": {"name": "BEINPRESSE", "beschreibung": "", "erstellt_am": "2026-01-09T21:40:00.698Z", "users": [3]}}, {"model": "core.equipment", "pk": 11, "fields": {"name": "LEG_CURL", "beschreibung": "", "erstellt_am": "2026-01-09T21:40:00.699Z", "users": []}}, {"model": "core.equipment", "pk": 12, "fields": {"name": "LEG_EXT", "beschreibung": "", "erstellt_am": "2026-01-09T21:40:00.700Z", "users": []}}, {"model": "core.equipment", "pk": 13, "fields": {"name": "SMITHMASCHINE", "beschreibung": "", "erstellt_am": "2026-01-09T21:40:00.700Z", "users": []}}, {"model": "core.equipment", "pk": 14, "fields": {"name": "HACKENSCHMIDT", "beschreibung": "", "erstellt_am": "2026-01-09T21:40:00.701Z", "users": [3]}}, {"model": "core.equipment", "pk": 15, "fields": {"name": "RUDERMASCHINE", "beschreibung": "", "erstellt_am": "2026-01-09T21:40:00.702Z", "users": [3]}}, {"model": "core.equipment", "pk": 16, "fields": {"name": "WIDERSTANDSBAND", "beschreibung": "", "erstellt_am": "2026-01-09T21:40:00.702Z", "users": [2]}}, {"model": "core.equipment", "pk": 17, "fields": {"name": "SUSPENSION", "beschreibung": "", "erstellt_am": "2026-01-09T21:40:00.703Z", "users": []}}, {"model": "core.equipment", "pk": 18, "fields": {"name": "MEDIZINBALL", "beschreibung": "", "erstellt_am": "2026-01-09T21:40:00.704Z", "users": []}}, {"model": "core.equipment", "pk": 19, "fields": {"name": "BOXEN", "beschreibung": "", "erstellt_am": "2026-01-09T21:40:00.704Z", "users": []}}, {"model": "core.equipment", "pk": 20, "fields": {"name": "MATTE", "beschreibung": "", "erstellt_am": "2026-01-09T21:40:00.705Z", "users": [2, 3]}}, {"model": "core.equipment", "pk": 21, "fields": {"name": "KOERPER", "beschreibung": "", "erstellt_am": "2026-01-09T21:40:00.706Z", "users": [2]}}, {"model": "core.equipment", "pk": 22, "fields": {"name": "ADDUKTOREN_MASCHINE", "beschreibung": "", "erstellt_am": "2026-01-10T22:40:30.940Z", "users": []}}, {"model": "core.equipment", "pk": 23, "fields": {"name": "ABDUKTOREN_MASCHINE", "beschreibung": "", "erstellt_am": "2026-01-10T22:40:41.848Z", "users": []}}, {"model": "core.uebung", "pk": 1, "fields": {"bezeichnung": "Bankdrücken (Kurzhantel)", "muskelgruppe": "BRUST", "hilfsmuskeln": ["TRIZEPS", "SCHULTER_VORN"], "gewichts_typ": "PRO_SEITE", "bewegungstyp": "DRUECKEN", "beschreibung": "Flach auf der Bank. Schulterblätter nach hinten/unten. Hanteln kontrolliert bis Brusthöhe senken (Ellbogen ca. 45°), dann hochdrücken ohne Schwung.", "bild": "", "video_link": null, "video_file": "", "video_thumbnail": "", "created_by": null, "is_custom": false, "erstellt_am": "2024-01-01T12:00:00Z", "equipment": [3, 2], "favoriten": [], "tags": [3, 1]}}, {"model": "core.uebung", "pk": 2, "fields": {"bezeichnung": "Bankdrücken (Langhantel)", "muskelgruppe": "BRUST", "hilfsmuskeln": ["SCHULTER_VORN", "TRIZEPS", "RUECKEN_TRAPEZ"], "gewichts_typ": "GESAMT", "bewegungstyp": "DRUECKEN", "beschreibung": "Füße stabil, Schulterblätter fix. Stange zur unteren Brust senken, kontrolliert drücken. Po bleibt auf der Bank, keine 'Bounce'-Wdh.", "bild": "uebungen_bilder/Gemini_Generated_Image_6a1gwj6a1gwj6a1g.png", "video_link": null, "video_file": "", "video_thumbnail": "", "created_by": null, "is_custom": false, "erstellt_am": "2024-01-01T12:00:00Z", "equipment": [3, 1], "favoriten": [], "tags": [3, 1]}}, {"model": "core.uebung", "pk": 3, "fields": {"bezeichnung": "Schrägbankdrücken (Kurzhantel)", "muskelgruppe": "BRUST", "hilfsmuskeln": ["SCHULTER_VORN", "TRIZEPS"], "gewichts_typ": "PRO_SEITE", "bewegungstyp": "DRUECKEN", "beschreibung": "Bank 20–35°. Schulterblätter fix. Hanteln zur oberen Brust senken, dann kontrolliert drücken.", "bild": "", "video_link": null, "video_file": "", "video_thumbnail": "", "created_by": null, "is_custom": false, "erstellt_am": "2024-01-01T12:00:00Z", "equipment": [2, 7], "favoriten": [], "tags": [1]}}, {"model": "core.uebung", "pk": 4, "fields": {"bezeichnung": "Liegestütze (Push-ups)", "muskelgruppe": "BRUST", "hilfsmuskeln": ["TRIZEPS", "SCHULTER_VORN", "BAUCH"], "gewichts_typ": "KOERPERGEWICHT", "bewegungstyp": "DRUECKEN", "beschreibung": "Körper steif, Hände unter/leicht vor Schulter. Brust kontrolliert runter, Ellbogen 30–60°, kraftvoll hoch.", "bild": "", "video_link": null, "video_file": "", "video_thumbnail": "", "created_by": null, "is_custom": false, "erstellt_am": "2024-01-01T12:00:00Z", "equipment": [], "favoriten": [], "tags": []}}, {"model": "core.uebung", "pk": 5, "fields": {"bezeichnung": "Schulterdrücken (Stehend, Langhantel)", "muskelgruppe": "SCHULTER_VORN", "hilfsmuskeln": ["SCHULTER_SEIT", "TRIZEPS", "BAUCH"], "gewichts_typ": "GESAMT", "bewegungstyp": "DRUECKEN", "beschreibung": "Po/Bauch fest (kein Hohlkreuz). Stange von oberer Brust nach oben drücken, Kopf leicht 'durch', kontrolliert ablassen.", "bild": "uebungen_bilder/Gemini_Generated_Image_cfqjmfcfqjmfcfqj.png", "video_link": null, "video_file": "", "video_thumbnail": "", "created_by": null, "is_custom": false, "erstellt_am": "2024-01-01T12:00:00Z", "equipment": [1], "favoriten": [], "tags": [1]}}, {"model": "core.uebung", "pk": 6, "fields": {"bezeichnung": "Schulterdrücken (Sitzend, Kurzhantel)", "muskelgruppe": "SCHULTER_VORN", "hilfsmuskeln": ["TRIZEPS", "SCHULTER_SEIT"], "gewichts_typ": "PRO_SEITE", "bewegungstyp": "DRUECKEN", "beschreibung": "Aufrecht sitzen, Bauch fest. Hanteln von Schulterhöhe nach oben drücken, kontrolliert ablassen.", "bild": "", "video_link": null, "video_file": "", "video_thumbnail": "", "created_by": null, "is_custom": false, "erstellt_am": "2024-01-01T12:00:00Z", "equipment": [2], "favoriten": [], "tags": [1]}}, {"model": "core.uebung", "pk": 7, "fields": {"bezeichnung": "Seitheben (Kurzhantel)", "muskelgruppe": "SCHULTER_SEIT", "hilfsmuskeln": ["RUECKEN_TRAPEZ"], "gewichts_typ": "PRO_SEITE", "bewegungstyp": "ISOLATION", "beschreibung": "Arme leicht gebeugt, Ellbogen führen. Bis Schulterhöhe, langsam ablassen. Kein Schwung, Nacken entspannt.", "bild": "", "video_link": null, "video_file": "", "video_thumbnail": "", "created_by": null, "is_custom": false, "erstellt_am": "2024-01-01T12:00:00Z", "equipment": [2], "favoriten": [], "tags": [2]}}, {"model": "core.uebung", "pk": 8, "fields": {"bezeichnung": "Latziehen (Widerstandsband)", "muskelgruppe": "RUECKEN_LAT", "hilfsmuskeln": ["BIZEPS", "UNTERARME", "RUECKEN_TRAPEZ"], "gewichts_typ": "GESAMT", "bewegungstyp": "ZIEHEN", "beschreibung": "Seil auf Augenhöhe. Ziehen Richtung Gesicht, Ellbogen hoch, Hände auseinander (Außenrotation). Schulter unten halten.", "bild": "", "video_link": null, "video_file": "", "video_thumbnail": "", "created_by": null, "is_custom": false, "erstellt_am": "2024-01-01T12:00:00Z", "equipment": [16], "favoriten": [], "tags": []}}, {"model": "core.uebung", "pk": 9, "fields": {"bezeichnung": "Reverse Flys (Kurzhantel, vorgebeugt)", "muskelgruppe": "SCHULTER_HINT", "hilfsmuskeln": ["RUECKEN_TRAPEZ"], "gewichts_typ": "PRO_SEITE", "bewegungstyp": "ISOLATION", "beschreibung": "Oberkörper vorgebeugt, Rücken neutral. Arme seitlich öffnen, Schulterblätter zusammen, kontrolliert ablassen.", "bild": "", "video_link": null, "video_file": "", "video_thumbnail": "", "created_by": null, "is_custom": false, "erstellt_am": "2024-01-01T12:00:00Z", "equipment": [2], "favoriten": [], "tags": []}}, {"model": "core.uebung", "pk": 10, "fields": {"bezeichnung": "Trizepsdrücken am Kabel (Pushdown)", "muskelgruppe": "TRIZEPS", "hilfsmuskeln": ["UNTERARME"], "gewichts_typ": "GESAMT", "bewegungstyp": "ISOLATION", "beschreibung": "Ellenbogen am Körper fix. Runterdrücken bis Streckung, oben nur bis Spannung bleibt. Kein Schwingen.", "bild": "", "video_link": null, "video_file": "", "video_thumbnail": "", "created_by": null, "is_custom": false, "erstellt_am": "2024-01-01T12:00:00Z", "equipment": [9], "favoriten": [], "tags": [2]}}, {"model": "core.uebung", "pk": 11, "fields": {"bezeichnung": "Trizeps Overhead Extension (Kurzhantel)", "muskelgruppe": "TRIZEPS", "hilfsmuskeln": ["SCHULTER_VORN", "BAUCH"], "gewichts_typ": "GESAMT", "bewegungstyp": "ISOLATION", "beschreibung": "Hantel über Kopf, Ellenbogen zeigen nach vorn. Unterarme beugen/strecken, Rücken neutral.", "bild": "uebungen_bilder/Gemini_Generated_Image_hnv8dqhnv8dqhnv8.png", "video_link": null, "video_file": "", "video_thumbnail": "", "created_by": null, "is_custom": false, "erstellt_am": "2024-01-01T12:00:00Z", "equipment": [2], "favoriten": [], "tags": [2]}}, {"model": "core.uebung", "pk": 12, "fields": {"bezeichnung": "Dips (Barren)", "muskelgruppe": "TRIZEPS", "hilfsmuskeln": ["BRUST", "SCHULTER_VORN"], "gewichts_typ": "KOERPERGEWICHT", "bewegungstyp": "DRUECKEN", "beschreibung": "Schulterblätter stabil. Kontrolliert absenken, Ellbogen nach hinten, hochdrücken ohne in die Schultern zu fallen.", "bild": "uebungen_bilder/Gemini_Generated_Image_jut39sjut39sjut3.png", "video_link": null, "video_file": "", "video_thumbnail": "", "created_by": null, "is_custom": false, "erstellt_am": "2024-01-01T12:00:00Z", "equipment": [21], "favoriten": [], "tags": [4, 1, 5]}}, {"model": "core.uebung", "pk": 13, "fields": {"bezeichnung": "Klimmzüge (Obergriff)", "muskelgruppe": "RUECKEN_LAT", "hilfsmuskeln": ["BIZEPS", "UNTERARME", "BAUCH"], "gewichts_typ": "KOERPERGEWICHT", "bewegungstyp": "ZIEHEN", "beschreibung": "Schulterblätter zuerst aktivieren (runter). Brust zur Stange, kein Schwingen. Langsam ablassen.", "bild": "", "video_link": null, "video_file": "", "video_thumbnail": "", "created_by": null, "is_custom": false, "erstellt_am": "2024-01-01T12:00:00Z", "equipment": [5], "favoriten": [], "tags": [4, 1, 5]}}, {"model": "core.uebung", "pk": 14, "fields": {"bezeichnung": "Latzug (Kabel/Maschine)", "muskelgruppe": "RUECKEN_LAT", "hilfsmuskeln": ["BIZEPS", "SCHULTER_HINT"], "gewichts_typ": "GESAMT", "bewegungstyp": "ZIEHEN", "beschreibung": "Brust hoch, leicht zurücklehnen. Stange zur oberen Brust ziehen, Schulterblätter nach unten. Kontrolliert hochlassen.", "bild": "", "video_link": null, "video_file": "", "video_thumbnail": "", "created_by": null, "is_custom": false, "erstellt_am": "2024-01-01T12:00:00Z", "equipment": [9], "favoriten": [], "tags": []}}, {"model": "core.uebung", "pk": 15, "fields": {"bezeichnung": "Langhantel-Rudern (Vorgebeugt)", "muskelgruppe": "RUECKEN_LAT", "hilfsmuskeln": ["BIZEPS", "SCHULTER_HINT", "BAUCH"], "gewichts_typ": "GESAMT", "bewegungstyp": "ZIEHEN", "beschreibung": "Hüfte nach hinten, Rücken neutral. Stange Richtung Bauchnabel ziehen, Schulterblätter zusammen. Ohne Schwung.", "bild": "", "video_link": null, "video_file": "", "video_thumbnail": "", "created_by": null, "is_custom": false, "erstellt_am": "2024-01-01T12:00:00Z", "equipment": [1], "favoriten": [], "tags": [1]}}, {"model": "core.uebung", "pk": 16, "fields": {"bezeichnung": "Sitzendes Kabelrudern (eng)", "muskelgruppe": "RUECKEN_LAT", "hilfsmuskeln": ["BIZEPS", "SCHULTER_HINT"], "gewichts_typ": "GESAMT", "bewegungstyp": "ZIEHEN", "beschreibung": "Neutraler Rücken. Griff zum Bauch ziehen, Schulterblätter zusammen. Langsame Exzentrik.", "bild": "", "video_link": null, "video_file": "", "video_thumbnail": "", "created_by": null, "is_custom": false, "erstellt_am": "2024-01-01T12:00:00Z", "equipment": [9], "favoriten": [], "tags": [1]}}, {"model": "core.uebung", "pk": 17, "fields": {"bezeichnung": "Einarmiges Kurzhantelrudern", "muskelgruppe": "RUECKEN_LAT", "hilfsmuskeln": ["BIZEPS", "BAUCH"], "gewichts_typ": "PRO_SEITE", "bewegungstyp": "ZIEHEN", "beschreibung": "Abstützen, Rücken neutral. Hantel Richtung Hüfte ziehen, oben kurz halten, langsam ablassen.", "bild": "uebungen_bilder/Gemini_Generated_Image_ggjjh3ggjjh3ggjj.png", "video_link": null, "video_file": "", "video_thumbnail": "", "created_by": null, "is_custom": false, "erstellt_am": "2024-01-01T12:00:00Z", "equipment": [2], "favoriten": [], "tags": [1]}}, {"model": "core.uebung", "pk": 18, "fields": {"bezeichnung": "Shrugs (Kurzhantel)", "muskelgruppe": "RUECKEN_TRAPEZ", "hilfsmuskeln": ["UNTERARME"], "gewichts_typ": "PRO_SEITE", "bewegungstyp": "ISOLATION", "beschreibung": "Schultern gerade nach oben ziehen (nicht kreisen). Oben kurz halten, langsam ablassen. Nacken neutral.", "bild": "", "video_link": null, "video_file": "", "video_thumbnail": "", "created_by": null, "is_custom": false, "erstellt_am": "2024-01-01T12:00:00Z", "equipment": [2], "favoriten": [], "tags": []}}, {"model": "core.uebung", "pk": 19, "fields": {"bezeichnung": "Y-Raises (Schrägbank/leichte DB)", "muskelgruppe": "RUECKEN_TRAPEZ", "hilfsmuskeln": ["SCHULTER_HINT"], "gewichts_typ": "PRO_SEITE", "bewegungstyp": "ISOLATION", "beschreibung": "Brust auf Schrägbank. Arme in Y-Form anheben, Schulterblätter nach unten/hinten. Sehr leicht, sauber kontrolliert.", "bild": "", "video_link": null, "video_file": "", "video_thumbnail": "", "created_by": null, "is_custom": false, "erstellt_am": "2024-01-01T12:00:00Z", "equipment": [2, 7], "favoriten": [], "tags": []}}, {"model": "core.uebung", "pk": 20, "fields": {"bezeichnung": "Kreuzheben (Langhantel, Conventional)", "muskelgruppe": "BEINE_HAM", "hilfsmuskeln": ["PO", "RUECKEN_UNTEN", "RUECKEN_TRAPEZ", "UNTERARME"], "gewichts_typ": "GESAMT", "bewegungstyp": "HEBEN", "beschreibung": "Stange über Mittelfuß. Rücken neutral, Spannung aufbauen. Hoch über Beine/Hüfte, Stange eng am Körper. Kontrolliert absetzen.", "bild": "", "video_link": null, "video_file": "", "video_thumbnail": "", "created_by": null, "is_custom": false, "erstellt_am": "2024-01-01T12:00:00Z", "equipment": [1], "favoriten": [], "tags": [4, 1, 5, 11]}}, {"model": "core.uebung", "pk": 21, "fields": {"bezeichnung": "Rumänisches Kreuzheben (RDL)", "muskelgruppe": "BEINE_HAM", "hilfsmuskeln": ["PO", "RUECKEN_UNTEN", "UNTERARME"], "gewichts_typ": "GESAMT", "bewegungstyp": "HEBEN", "beschreibung": "Knie leicht gebeugt. Hüfte nach hinten, Stange nah am Körper. Dehnung in Hamstrings, dann Hüfte strecken.", "bild": "", "video_link": null, "video_file": "", "video_thumbnail": "", "created_by": null, "is_custom": false, "erstellt_am": "2024-01-01T12:00:00Z", "equipment": [1], "favoriten": [], "tags": [4, 1]}}, {"model": "core.uebung", "pk": 22, "fields": {"bezeichnung": "Good Mornings (Langhantel, leicht)", "muskelgruppe": "RUECKEN_UNTEN", "hilfsmuskeln": ["BEINE_HAM", "PO", "BAUCH"], "gewichts_typ": "GESAMT", "bewegungstyp": "HEBEN", "beschreibung": "Hinge mit Langhantel auf dem Rücken. Rücken neutral, Hüfte nach hinten. Nur so tief wie stabil.", "bild": "", "video_link": null, "video_file": "", "video_thumbnail": "", "created_by": null, "is_custom": false, "erstellt_am": "2024-01-01T12:00:00Z", "equipment": [1], "favoriten": [], "tags": [4, 1, 11]}}, {"model": "core.uebung", "pk": 23, "fields": {"bezeichnung": "Kniebeuge (Langhantel, Back Squat)", "muskelgruppe": "BEINE_QUAD", "hilfsmuskeln": ["PO", "BAUCH", "RUECKEN_UNTEN"], "gewichts_typ": "GESAMT", "bewegungstyp": "BEUGEN", "beschreibung": "Core fest. Hüfte und Knie beugen, Knie folgen Zehen. Tief stabil, aus dem ganzen Fuß hochdrücken.", "bild": "", "video_link": null, "video_file": "", "video_thumbnail": "", "created_by": null, "is_custom": false, "erstellt_am": "2024-01-01T12:00:00Z", "equipment": [1], "favoriten": [], "tags": []}}, {"model": "core.uebung", "pk": 24, "fields": {"bezeichnung": "Frontkniebeuge (Langhantel, Front Squat)", "muskelgruppe": "BEINE_QUAD", "hilfsmuskeln": ["BAUCH", "RUECKEN_TRAPEZ", "PO"], "gewichts_typ": "GESAMT", "bewegungstyp": "BEUGEN", "beschreibung": "Ellbogen hoch, aufrecht bleiben. Knie/Zehen in Linie. Sauber tief, kontrolliert hoch.", "bild": "", "video_link": null, "video_file": "", "video_thumbnail": "", "created_by": null, "is_custom": false, "erstellt_am": "2024-01-01T12:00:00Z", "equipment": [1], "favoriten": [], "tags": [4, 1]}}, {"model": "core.uebung", "pk": 25, "fields": {"bezeichnung": "Goblet Squat (Kettlebell/DB)", "muskelgruppe": "BEINE_QUAD", "hilfsmuskeln": ["PO", "BAUCH", "RUECKEN_UNTEN"], "gewichts_typ": "GESAMT", "bewegungstyp": "BEUGEN", "beschreibung": "Gewicht vor der Brust. Knie nach außen, Brust hoch, tief so weit stabil. Gleichmäßig hochdrücken.", "bild": "", "video_link": null, "video_file": "", "video_thumbnail": "", "created_by": null, "is_custom": false, "erstellt_am": "2024-01-01T12:00:00Z", "equipment": [6, 2], "favoriten": [], "tags": []}}, {"model": "core.uebung", "pk": 26, "fields": {"bezeichnung": "Beinpresse (Maschine)", "muskelgruppe": "BEINE_QUAD", "hilfsmuskeln": ["PO", "BEINE_HAM"], "gewichts_typ": "GESAMT", "bewegungstyp": "BEUGEN", "beschreibung": "Rücken anlehnen. Tief nur so weit, dass Becken nicht abkippt. Nicht durchschlagen, kontrolliert.", "bild": "", "video_link": null, "video_file": "", "video_thumbnail": "", "created_by": null, "is_custom": false, "erstellt_am": "2024-01-01T12:00:00Z", "equipment": [10], "favoriten": [], "tags": [3, 1, 12]}}, {"model": "core.uebung", "pk": 27, "fields": {"bezeichnung": "Bulgarian Split Squat (Kurzhantel)", "muskelgruppe": "BEINE_QUAD", "hilfsmuskeln": ["PO", "ADDUKTOREN", "BAUCH"], "gewichts_typ": "PRO_SEITE", "bewegungstyp": "BEUGEN", "beschreibung": "Hinterer Fuß erhöht. Aufrecht, kontrolliert tief, aus dem vorderen Bein hoch. Seite für Seite.", "bild": "", "video_link": null, "video_file": "", "video_thumbnail": "", "created_by": null, "is_custom": false, "erstellt_am": "2024-01-01T12:00:00Z", "equipment": [3, 2], "favoriten": [], "tags": [4, 1, 10]}}, {"model": "core.uebung", "pk": 28, "fields": {"bezeichnung": "Ausfallschritte (Lunges, Kurzhantel)", "muskelgruppe": "PO", "hilfsmuskeln": ["BEINE_QUAD", "BEINE_HAM", "WADEN", "BAUCH"], "gewichts_typ": "PRO_SEITE", "bewegungstyp": "BEUGEN", "beschreibung": "Großer Schritt. Hinteres Knie fast zum Boden. Aufrecht bleiben. Über den vorderen Fuß hochdrücken.", "bild": "", "video_link": null, "video_file": "", "video_thumbnail": "", "created_by": null, "is_custom": false, "erstellt_am": "2024-01-01T12:00:00Z", "equipment": [2], "favoriten": [], "tags": [1, 5, 10]}}, {"model": "core.uebung", "pk": 29, "fields": {"bezeichnung": "Hip Thrust (Langhantel)", "muskelgruppe": "PO", "hilfsmuskeln": ["BEINE_HAM", "BAUCH"], "gewichts_typ": "GESAMT", "bewegungstyp": "HEBEN", "beschreibung": "Schulterblätter auf Bank. Rippen runter, Kinn leicht zur Brust. Hüfte hoch, oben Gesäß hart anspannen, kontrolliert runter.", "bild": "", "video_link": null, "video_file": "", "video_thumbnail": "", "created_by": null, "is_custom": false, "erstellt_am": "2024-01-01T12:00:00Z", "equipment": [1], "favoriten": [], "tags": [1, 5]}}, {"model": "core.uebung", "pk": 30, "fields": {"bezeichnung": "Glute Bridge (Körpergewicht)", "muskelgruppe": "PO", "hilfsmuskeln": ["BEINE_HAM", "BAUCH"], "gewichts_typ": "KOERPERGEWICHT", "bewegungstyp": "HEBEN", "beschreibung": "Rücken am Boden, Füße nah. Becken kippen, Hüfte hoch, oben 1 Sek halten, kontrolliert ablassen.", "bild": "", "video_link": null, "video_file": "", "video_thumbnail": "", "created_by": null, "is_custom": false, "erstellt_am": "2024-01-01T12:00:00Z", "equipment": [], "favoriten": [], "tags": []}}, {"model": "core.uebung", "pk": 31, "fields": {"bezeichnung": "Beinbeuger (Leg Curl, Maschine)", "muskelgruppe": "BEINE_HAM", "hilfsmuskeln": ["WADEN"], "gewichts_typ": "GESAMT", "bewegungstyp": "ISOLATION", "beschreibung": "Becken stabil. Fersen Richtung Po, oben kurz halten, langsam ablassen. Kein Hohlkreuz.", "bild": "", "video_link": null, "video_file": "", "video_thumbnail": "", "created_by": null, "is_custom": false, "erstellt_am": "2024-01-01T12:00:00Z", "equipment": [11], "favoriten": [], "tags": [2]}}, {"model": "core.uebung", "pk": 32, "fields": {"bezeichnung": "Beinstrecker (Leg Extension, Maschine)", "muskelgruppe": "BEINE_QUAD", "hilfsmuskeln": [], "gewichts_typ": "GESAMT", "bewegungstyp": "ISOLATION", "beschreibung": "Rücken anlehnen. Strecken bis knapp vor Lockout, oben kurz halten, langsam ablassen.", "bild": "", "video_link": null, "video_file": "", "video_thumbnail": "", "created_by": null, "is_custom": false, "erstellt_am": "2024-01-01T12:00:00Z", "equipment": [12], "favoriten": [], "tags": [2, 12]}}, {"model": "core.uebung", "pk": 33, "fields": {"bezeichnung": "Wadenheben (Stehend)", "muskelgruppe": "WADEN", "hilfsmuskeln": [], "gewichts_typ": "GESAMT", "bewegungstyp": "ISOLATION", "beschreibung": "Unten Dehnung, oben maximale Plantarflexion. Pause oben/unten, keine Bounce-Wdh.", "bild": "", "video_link": null, "video_file": "", "video_thumbnail": "", "created_by": null, "is_custom": false, "erstellt_am": "2024-01-01T12:00:00Z", "equipment": [], "favoriten": [], "tags": [2, 12]}}, {"model": "core.uebung", "pk": 34, "fields": {"bezeichnung": "Adduktoren Maschine", "muskelgruppe": "ADDUKTOREN", "hilfsmuskeln": ["PO", "BAUCH"], "gewichts_typ": "GESAMT", "bewegungstyp": "ISOLATION", "beschreibung": "Becken stabil. Knie/Polster kontrolliert zusammenführen, kurz halten, langsam öffnen ohne Schwung.", "bild": "", "video_link": null, "video_file": "", "video_thumbnail": "", "created_by": null, "is_custom": false, "erstellt_am": "2024-01-01T12:00:00Z", "equipment": [22], "favoriten": [], "tags": [2, 12]}}, {"model": "core.uebung", "pk": 35, "fields": {"bezeichnung": "Abduktoren Maschine", "muskelgruppe": "ABDUKTOREN", "hilfsmuskeln": ["PO", "BAUCH"], "gewichts_typ": "GESAMT", "bewegungstyp": "ISOLATION", "beschreibung": "Becken stabil. Knie/Polster kontrolliert nach außen, kurz halten, langsam zurück.", "bild": "", "video_link": null, "video_file": "", "video_thumbnail": "", "created_by": null, "is_custom": false, "erstellt_am": "2024-01-01T12:00:00Z", "equipment": [23], "favoriten": [], "tags": [2, 12]}}, {"model": "core.uebung", "pk": 36, "fields": {"bezeichnung": "Bizeps Curls (Langhantel)", "muskelgruppe": "BIZEPS", "hilfsmuskeln": ["UNTERARME", "BAUCH"], "gewichts_typ": "GESAMT", "bewegungstyp": "ISOLATION", "beschreibung": "Ellenbogen am Körper. Kontrolliert hoch, oben kurz halten, langsam ablassen. Kein Schwung.", "bild": "", "video_link": null, "video_file": "", "video_thumbnail": "", "created_by": null, "is_custom": false, "erstellt_am": "2024-01-01T12:00:00Z", "equipment": [1], "favoriten": [], "tags": [3, 2]}}, {"model": "core.uebung", "pk": 37, "fields": {"bezeichnung": "Hammer Curls (Kurzhantel)", "muskelgruppe": "BIZEPS", "hilfsmuskeln": ["UNTERARME"], "gewichts_typ": "PRO_SEITE", "bewegungstyp": "ISOLATION", "beschreibung": "Neutralgriff. Ellenbogen fix, hochcurlen, langsam ablassen.", "bild": "", "video_link": null, "video_file": "", "video_thumbnail": "", "created_by": null, "is_custom": false, "erstellt_am": "2024-01-01T12:00:00Z", "equipment": [2], "favoriten": [], "tags": [2]}}, {"model": "core.uebung", "pk": 38, "fields": {"bezeichnung": "Reverse Curls (Langhantel/EZ)", "muskelgruppe": "UNTERARME", "hilfsmuskeln": ["BIZEPS"], "gewichts_typ": "GESAMT", "bewegungstyp": "ISOLATION", "beschreibung": "Obergriff. Ellenbogen fix. Kontrolliert hoch, langsam runter. Fokus auf Unterarme/Brachioradialis.", "bild": "", "video_link": null, "video_file": "", "video_thumbnail": "", "created_by": null, "is_custom": false, "erstellt_am": "2024-01-01T12:00:00Z", "equipment": [1], "favoriten": [], "tags": []}}, {"model": "core.uebung", "pk": 39, "fields": {"bezeichnung": "Wrist Curls (Unterarmbeuger)", "muskelgruppe": "UNTERARME", "hilfsmuskeln": [], "gewichts_typ": "GESAMT", "bewegungstyp": "ISOLATION", "beschreibung": "Unterarme auf Bank/Oberschenkel ablegen. Handgelenke beugen/strecken in sauberer ROM, langsam und kontrolliert.", "bild": "", "video_link": null, "video_file": "", "video_thumbnail": "", "created_by": null, "is_custom": false, "erstellt_am": "2024-01-01T12:00:00Z", "equipment": [2], "favoriten": [], "tags": []}}, {"model": "core.uebung", "pk": 40, "fields": {"bezeichnung": "Plank (Unterarmstütz)", "muskelgruppe": "BAUCH", "hilfsmuskeln": ["PO", "SCHULTER_VORN", "RUECKEN_TRAPEZ"], "gewichts_typ": "ZEIT", "bewegungstyp": "ISOLATION", "beschreibung": "Ellenbogen unter Schulter. Körper gerade Linie, Rippen runter, Po leicht anspannen. Zeit/„Wdh“ = Sekunden.", "bild": "", "video_link": null, "video_file": "", "video_thumbnail": "", "created_by": null, "is_custom": false, "erstellt_am": "2024-01-01T12:00:00Z", "equipment": [], "favoriten": [], "tags": [3, 9, 5, 12]}}, {"model": "core.uebung", "pk": 41, "fields": {"bezeichnung": "Hanging Leg Raises (hängendes Beinheben)", "muskelgruppe": "BAUCH", "hilfsmuskeln": ["BEINE_QUAD"], "gewichts_typ": "KOERPERGEWICHT", "bewegungstyp": "ISOLATION", "beschreibung": "Ohne Schwung. Becken aktiv kippen, Beine/Knie hoch, langsam ablassen.", "bild": "", "video_link": null, "video_file": "", "video_thumbnail": "", "created_by": null, "is_custom": false, "erstellt_am": "2024-01-01T12:00:00Z", "equipment": [], "favoriten": [], "tags": []}}, {"model": "core.uebung", "pk": 42, "fields": {"bezeichnung": "Pallof Press (Widerstandsband)", "muskelgruppe": "BAUCH", "hilfsmuskeln": ["SCHULTER_SEIT"], "gewichts_typ": "PRO_SEITE", "bewegungstyp": "ISOLATION", "beschreibung": "Rippen runter. Wirbelsäule einrollen (Crunch), nicht aus der Hüfte ziehen. Langsam zurück.", "bild": "", "video_link": null, "video_file": "", "video_thumbnail": "", "created_by": null, "is_custom": false, "erstellt_am": "2024-01-01T12:00:00Z", "equipment": [16], "favoriten": [], "tags": [9, 5]}}, {"model": "core.uebung", "pk": 43, "fields": {"bezeichnung": "Farmer's Walk (Kurzhantel/Kettlebell)", "muskelgruppe": "GANZKOERPER", "hilfsmuskeln": ["UNTERARME", "RUECKEN_TRAPEZ", "BAUCH", "PO"], "gewichts_typ": "PRO_SEITE", "bewegungstyp": "HEBEN", "beschreibung": "Aufrecht gehen, Rippen runter, Schulter tief. Strecke/„Wdh“ = Sekunden oder Meter (je nach Logging).", "bild": "", "video_link": null, "video_file": "", "video_thumbnail": "", "created_by": null, "is_custom": false, "erstellt_am": "2024-01-01T12:00:00Z", "equipment": [2], "favoriten": [], "tags": []}}, {"model": "core.uebung", "pk": 44, "fields": {"bezeichnung": "Ruderergometer (Concept2 o.ä.)", "muskelgruppe": "GANZKOERPER", "hilfsmuskeln": ["BEINE_QUAD", "RUECKEN_LAT", "BAUCH", "UNTERARME"], "gewichts_typ": "KOERPERGEWICHT", "bewegungstyp": "ZIEHEN", "beschreibung": "Technik: Beine drücken, dann Oberkörper, dann Arme. Rückweg: Arme, Oberkörper, Beine. Zeit/Distanz als Tracking in Einheit/Notiz.", "bild": "", "video_link": null, "video_file": "", "video_thumbnail": "", "created_by": null, "is_custom": false, "erstellt_am": "2024-01-01T12:00:00Z", "equipment": [], "favoriten": [], "tags": []}}, {"model": "core.uebung", "pk": 45, "fields": {"bezeichnung": "Floor Press (Kurzhantel)", "muskelgruppe": "BRUST", "hilfsmuskeln": ["TRIZEPS", "SCHULTER_VORN"], "gewichts_typ": "PRO_SEITE", "bewegungstyp": "DRUECKEN", "beschreibung": "Rücken auf dem Boden. Kurzhanteln drücken wie beim Bankdrücken, aber Ellbogen stoppen am Boden (schont Schulter, fokussiert Trizeps).", "bild": "", "video_link": null, "video_file": "", "video_thumbnail": "", "created_by": null, "is_custom": false, "erstellt_am": "2024-01-01T12:00:00Z", "equipment": [3, 2], "favoriten": [], "tags": []}}, {"model": "core.uebung", "pk": 46, "fields": {"bezeichnung": "Arnold Press (Kurzhantel)", "muskelgruppe": "SCHULTER_VORN", "hilfsmuskeln": ["SCHULTER_SEIT", "TRIZEPS"], "gewichts_typ": "PRO_SEITE", "bewegungstyp": "DRUECKEN", "beschreibung": "Start mit Handflächen zum Gesicht. Beim Drücken Handgelenke drehen, bis Handflächen oben nach vorne zeigen.", "bild": "", "video_link": null, "video_file": "", "video_thumbnail": "", "created_by": null, "is_custom": false, "erstellt_am": "2024-01-01T12:00:00Z", "equipment": [3, 2], "favoriten": [], "tags": []}}, {"model": "core.uebung", "pk": 47, "fields": {"bezeichnung": "Fliegende (Kurzhantel, flach)", "muskelgruppe": "BRUST", "hilfsmuskeln": [], "gewichts_typ": "PRO_SEITE", "bewegungstyp": "ISOLATION", "beschreibung": "Flach auf Bank. Hanteln mit fast gestreckten Armen zur Seite senken (leichte Beuge), dann zusammenführen. Fokus auf Brustdehnung.", "bild": "", "video_link": null, "video_file": "", "video_thumbnail": "", "created_by": null, "is_custom": false, "erstellt_am": "2024-01-01T12:00:00Z", "equipment": [2], "favoriten": [], "tags": [2]}}, {"model": "core.uebung", "pk": 48, "fields": {"bezeichnung": "Fliegende (Kurzhantel, Schrägbank)", "muskelgruppe": "BRUST", "hilfsmuskeln": [], "gewichts_typ": "PRO_SEITE", "bewegungstyp": "ISOLATION", "beschreibung": "Bank 20-35° schräg. Hanteln mit fast gestreckten Armen zur Seite senken, kontrolliert zusammenführen. Zielt auf obere Brust.", "bild": "", "video_link": null, "video_file": "", "video_thumbnail": "", "created_by": null, "is_custom": false, "erstellt_am": "2024-01-01T12:00:00Z", "equipment": [2, 7], "favoriten": [], "tags": [2]}}, {"model": "core.uebung", "pk": 49, "fields": {"bezeichnung": "Cable Crossover (Kabelzug)", "muskelgruppe": "BRUST", "hilfsmuskeln": [], "gewichts_typ": "GESAMT", "bewegungstyp": "ISOLATION", "beschreibung": "Kabelgriffe von oben zur Mitte ziehen. Arme fast gestreckt, Bewegung kommt aus Schultergelenk. Konstante Spannung auf Brust.", "bild": "", "video_link": null, "video_file": "", "video_thumbnail": "", "created_by": null, "is_custom": false, "erstellt_am": "2024-01-01T12:00:00Z", "equipment": [9], "favoriten": [], "tags": []}}, {"model": "core.uebung", "pk": 50, "fields": {"bezeichnung": "Butterfly (Kabelzug)", "muskelgruppe": "BRUST", "hilfsmuskeln": [], "gewichts_typ": "GESAMT", "bewegungstyp": "ISOLATION", "beschreibung": "Kabelgriffe auf Brusthöhe oder leicht tiefer. Arme fast gestreckt zur Mitte führen, kontrolliert zurück. Konstante Spannung auf Brust.", "bild": "", "video_link": null, "video_file": "", "video_thumbnail": "", "created_by": null, "is_custom": false, "erstellt_am": "2024-01-01T12:00:00Z", "equipment": [9], "favoriten": [], "tags": [3]}}, {"model": "core.uebung", "pk": 52, "fields": {"bezeichnung": "Seitheben (Kabelzug)", "muskelgruppe": "SCHULTER_SEIT", "hilfsmuskeln": [], "gewichts_typ": "PRO_SEITE", "bewegungstyp": "ISOLATION", "beschreibung": "Kabelgriff seitlich bis Schulterhöhe ziehen. Konstante Spannung während der gesamten Bewegung.", "bild": "", "video_link": null, "video_file": "", "video_thumbnail": "", "created_by": null, "is_custom": false, "erstellt_am": "2024-01-01T12:00:00Z", "equipment": [9], "favoriten": [], "tags": [2]}}, {"model": "core.uebung", "pk": 53, "fields": {"bezeichnung": "Face Pulls (Kabelzug)", "muskelgruppe": "SCHULTER_HINT", "hilfsmuskeln": ["RUECKEN_TRAPEZ"], "gewichts_typ": "GESAMT", "bewegungstyp": "ISOLATION", "beschreibung": "Seil-Attachment auf Augenhöhe. Zum Gesicht ziehen, Ellbogen hoch, Schulterblätter zusammen. Wichtig für hintere Schulter und Haltung.", "bild": "", "video_link": null, "video_file": "", "video_thumbnail": "", "created_by": null, "is_custom": false, "erstellt_am": "2024-01-01T12:00:00Z", "equipment": [9], "favoriten": [], "tags": []}}, {"model": "core.uebung", "pk": 54, "fields": {"bezeichnung": "Vorgebeugtes Seitheben (Kurzhantel)", "muskelgruppe": "SCHULTER_HINT", "hilfsmuskeln": [], "gewichts_typ": "PRO_SEITE", "bewegungstyp": "ISOLATION", "beschreibung": "Oberkörper 45-90° vorbeugen. Hanteln seitlich heben mit fast gestreckten Armen. Zielt auf hintere Schulter.", "bild": "", "video_link": null, "video_file": "", "video_thumbnail": "", "created_by": null, "is_custom": false, "erstellt_am": "2024-01-01T12:00:00Z", "equipment": [2], "favoriten": [], "tags": [2]}}, {"model": "core.uebung", "pk": 55, "fields": {"bezeichnung": "Bizeps Curls (Kurzhantel)", "muskelgruppe": "BIZEPS", "hilfsmuskeln": [], "gewichts_typ": "PRO_SEITE", "bewegungstyp": "ISOLATION", "beschreibung": "Stehend, Ellbogen fix an Seite. Hanteln kontrolliert hochcurlen, oben kurz halten, langsam ablassen. Kein Schwung.", "bild": "", "video_link": null, "video_file": "", "video_thumbnail": "", "created_by": null, "is_custom": false, "erstellt_am": "2024-01-01T12:00:00Z", "equipment": [2], "favoriten": [], "tags": [3, 2]}}, {"model": "core.uebung", "pk": 57, "fields": {"bezeichnung": "Concentration Curls (Kurzhantel)", "muskelgruppe": "BIZEPS", "hilfsmuskeln": [], "gewichts_typ": "PRO_SEITE", "bewegungstyp": "ISOLATION", "beschreibung": "Sitzend, Ellbogen am Innenschenkel abstützen. Langsame, kontrollierte Curls. Maximale Bizeps-Isolation.", "bild": "", "video_link": null, "video_file": "", "video_thumbnail": "", "created_by": null, "is_custom": false, "erstellt_am": "2024-01-01T12:00:00Z", "equipment": [2], "favoriten": [], "tags": []}}, {"model": "core.uebung", "pk": 58, "fields": {"bezeichnung": "Trizeps Pushdown (Kabelzug)", "muskelgruppe": "TRIZEPS", "hilfsmuskeln": [], "gewichts_typ": "GESAMT", "bewegungstyp": "ISOLATION", "beschreibung": "Kabelturm mit Stange oder Seil. Ellbogen fix an Seite, nach unten drücken. Volle Streckung am Ende.", "bild": "uebungen_bilder/Gemini_Generated_Image_jqe157jqe157jqe1.png", "video_link": null, "video_file": "", "video_thumbnail": "", "created_by": null, "is_custom": false, "erstellt_am": "2024-01-01T12:00:00Z", "equipment": [9], "favoriten": [], "tags": [2]}}, {"model": "core.uebung", "pk": 60, "fields": {"bezeichnung": "Good Mornings (Langhantel)", "muskelgruppe": "BEINE_HAM", "hilfsmuskeln": ["RUECKEN_UNTEN", "PO", "BAUCH"], "gewichts_typ": "GESAMT", "bewegungstyp": "HEBEN", "beschreibung": "Langhantel auf Schultern. Hüfte nach hinten schieben (Hinge), Rücken neutral. Dehnung in Hamstrings spüren, dann Hüfte wieder strecken. Nur so tief wie stabil.", "bild": "", "video_link": null, "video_file": "", "video_thumbnail": "", "created_by": null, "is_custom": false, "erstellt_am": "2024-01-01T12:00:00Z", "equipment": [1], "favoriten": [], "tags": [4, 1, 11]}}, {"model": "core.uebung", "pk": 61, "fields": {"bezeichnung": "Wandsitz (Zeit)", "muskelgruppe": "BEINE_QUAD", "hilfsmuskeln": ["PO", "BEINE_HAM", "BAUCH"], "gewichts_typ": "ZEIT", "bewegungstyp": "BEUGEN", "beschreibung": "Hamstring-Isolation. Fersen zu Po ziehen gegen Widerstand. Hüfte bleibt stabil.", "bild": "", "video_link": null, "video_file": "", "video_thumbnail": "", "created_by": null, "is_custom": false, "erstellt_am": "2024-01-01T12:00:00Z", "equipment": [21], "favoriten": [], "tags": []}}, {"model": "core.uebung", "pk": 62, "fields": {"bezeichnung": "Wadenheben stehend (Calf Raises)", "muskelgruppe": "WADEN", "hilfsmuskeln": [], "gewichts_typ": "GESAMT", "bewegungstyp": "ISOLATION", "beschreibung": "Auf Zehenspitzen heben, volle ROM. Langsam senken für maximale Wadendehnung.", "bild": "", "video_link": null, "video_file": "", "video_thumbnail": "", "created_by": null, "is_custom": false, "erstellt_am": "2024-01-01T12:00:00Z", "equipment": [], "favoriten": [], "tags": [2, 12]}}, {"model": "core.uebung", "pk": 63, "fields": {"bezeichnung": "Lat Pulldown (breiter Griff)", "muskelgruppe": "RUECKEN_LAT", "hilfsmuskeln": ["RUECKEN_TRAPEZ", "BIZEPS"], "gewichts_typ": "GESAMT", "bewegungstyp": "ZIEHEN", "beschreibung": "Breiter Griff, zur oberen Brust ziehen. Schulterblätter zusammen, Ellbogen nach hinten/unten.", "bild": "", "video_link": null, "video_file": "", "video_thumbnail": "", "created_by": null, "is_custom": false, "erstellt_am": "2024-01-01T12:00:00Z", "equipment": [9], "favoriten": [], "tags": []}}, {"model": "core.uebung", "pk": 64, "fields": {"bezeichnung": "Cable Crunches (Kabelzug)", "muskelgruppe": "BAUCH", "hilfsmuskeln": [], "gewichts_typ": "GESAMT", "bewegungstyp": "ISOLATION", "beschreibung": "Knieend, Seil über Kopf. Bauch anspannen und nach unten crunchen. Fokus auf Bauchkontraktion.", "bild": "", "video_link": null, "video_file": "", "video_thumbnail": "", "created_by": null, "is_custom": false, "erstellt_am": "2024-01-01T12:00:00Z", "equipment": [9], "favoriten": [], "tags": [3, 9, 2]}}, {"model": "core.uebung", "pk": 65, "fields": {"bezeichnung": "Breites Rudern (Kurzhantel)", "muskelgruppe": "RUECKEN_OBERER", "hilfsmuskeln": ["Bizeps", "Rücken - Latissimus", "Rücken - Nacken/Trapez"], "gewichts_typ": "PRO_SEITE", "bewegungstyp": "ZIEHEN", "beschreibung": "Vorgebeugt, Hanteln seitlich zum Oberkörper ziehen. Ellbogen nach außen. Schulterblätter zusammenziehen.", "bild": "", "video_link": null, "video_file": "", "video_thumbnail": "", "created_by": null, "is_custom": false, "erstellt_am": "2024-01-01T12:00:00Z", "equipment": [2], "favoriten": [], "tags": [1]}}, {"model": "core.uebung", "pk": 66, "fields": {"bezeichnung": "T-Bar Row (Langhantel)", "muskelgruppe": "RUECKEN_OBERER", "hilfsmuskeln": ["Bizeps", "Rücken - Latissimus", "Rücken - Nacken/Trapez"], "gewichts_typ": "GESAMT", "bewegungstyp": "ZIEHEN", "beschreibung": "Langhantel in Ecke. Vorgebeugt zur Brust ziehen. Schulterblätter zusammen, Rücken gerade.", "bild": "", "video_link": null, "video_file": "", "video_thumbnail": "", "created_by": null, "is_custom": false, "erstellt_am": "2024-01-01T12:00:00Z", "equipment": [1], "favoriten": [], "tags": []}}, {"model": "core.uebung", "pk": 67, "fields": {"bezeichnung": "Seal Rows (Bank, Kurzhantel)", "muskelgruppe": "RUECKEN_OBERER", "hilfsmuskeln": ["Bizeps", "Rücken - Latissimus"], "gewichts_typ": "PRO_SEITE", "bewegungstyp": "ZIEHEN", "beschreibung": "Bauchlage auf Bank. Hanteln vertikal hochziehen. Keine Schwungbewegung, isoliert oberen Rücken.", "bild": "", "video_link": null, "video_file": "", "video_thumbnail": "", "created_by": null, "is_custom": false, "erstellt_am": "2024-01-01T12:00:00Z", "equipment": [3, 2], "favoriten": [], "tags": []}}, {"model": "core.uebung", "pk": 68, "fields": {"bezeichnung": "Inverted Rows (Körpergewicht)", "muskelgruppe": "RUECKEN_OBERER", "hilfsmuskeln": [], "gewichts_typ": "KOERPERGEWICHT", "bewegungstyp": "ZIEHEN", "beschreibung": "Unter Tisch/Stange. Körper steif, hochziehen bis Brust fast Stange berührt. Schulterblätter aktiv.", "bild": "", "video_link": null, "video_file": "", "video_thumbnail": "", "created_by": null, "is_custom": false, "erstellt_am": "2024-01-01T12:00:00Z", "equipment": [5], "favoriten": [], "tags": []}}, {"model": "core.uebung", "pk": 69, "fields": {"bezeichnung": "Hyperextensions (Körpergewicht)", "muskelgruppe": "RUECKEN_UNTEN", "hilfsmuskeln": ["Po", "Beine - Oberschenkel hinten"], "gewichts_typ": "KOERPERGEWICHT", "bewegungstyp": "HEBEN", "beschreibung": "Bauchlage auf Bank. Oberkörper kontrolliert senken und heben. Rücken stabil, keine Überstreckung.", "bild": "", "video_link": null, "video_file": "", "video_thumbnail": "", "created_by": null, "is_custom": false, "erstellt_am": "2024-01-01T12:00:00Z", "equipment": [], "favoriten": [], "tags": []}}, {"model": "core.uebung", "pk": 70, "fields": {"bezeichnung": "Superman Holds (Körpergewicht)", "muskelgruppe": "RUECKEN_UNTEN", "hilfsmuskeln": ["Po", "Rücken - Oberer"], "gewichts_typ": "ZEIT", "bewegungstyp": "HEBEN", "beschreibung": "Bauchlage, Arme und Beine gestreckt anheben. Position halten. Fokus auf unteren Rücken.", "bild": "", "video_link": null, "video_file": "", "video_thumbnail": "", "created_by": null, "is_custom": false, "erstellt_am": "2024-01-01T12:00:00Z", "equipment": [], "favoriten": [], "tags": []}}, {"model": "core.uebung", "pk": 71, "fields": {"bezeichnung": "Stiff Leg Deadlift (Kurzhantel)", "muskelgruppe": "RUECKEN_UNTEN", "hilfsmuskeln": ["Po", "Beine - Oberschenkel hinten"], "gewichts_typ": "PRO_SEITE", "bewegungstyp": "HEBEN", "beschreibung": "Beine fast gestreckt, Hanteln vor Körper senken. Rücken gerade, Hüfte nach hinten. Dehnung in Hamstrings.", "bild": "", "video_link": null, "video_file": "", "video_thumbnail": "", "created_by": null, "is_custom": false, "erstellt_am": "2024-01-01T12:00:00Z", "equipment": [2], "favoriten": [], "tags": []}}, {"model": "core.uebung", "pk": 72, "fields": {"bezeichnung": "Bird Dogs (Körpergewicht)", "muskelgruppe": "RUECKEN_UNTEN", "hilfsmuskeln": ["Po", "Bauch"], "gewichts_typ": "KOERPERGEWICHT", "bewegungstyp": "HEBEN", "beschreibung": "Vierfüßlerstand. Gegenarm und Bein strecken, halten, wechseln. Rücken stabil.", "bild": "", "video_link": null, "video_file": "", "video_thumbnail": "", "created_by": null, "is_custom": false, "erstellt_am": "2024-01-01T12:00:00Z", "equipment": [], "favoriten": [], "tags": [9, 5, 12]}}, {"model": "core.uebung", "pk": 73, "fields": {"bezeichnung": "Pike Push-ups (Körpergewicht)", "muskelgruppe": "SCHULTER_VORN", "hilfsmuskeln": ["Trizeps", "Brust"], "gewichts_typ": "KOERPERGEWICHT", "bewegungstyp": "DRUECKEN", "beschreibung": "A-Position (Po hoch). Kopf zum Boden senken, hochdrücken. Fokus vordere Schulter.", "bild": "", "video_link": null, "video_file": "", "video_thumbnail": "", "created_by": null, "is_custom": false, "erstellt_am": "2024-01-01T12:00:00Z", "equipment": [], "favoriten": [], "tags": []}}, {"model": "core.uebung", "pk": 74, "fields": {"bezeichnung": "Front Raises (Kurzhantel)", "muskelgruppe": "SCHULTER_VORN", "hilfsmuskeln": [], "gewichts_typ": "PRO_SEITE", "bewegungstyp": "ISOLATION", "beschreibung": "Stehend, Hanteln vor Körper bis Schulterhöhe heben. Kontrolliert senken, kein Schwung.", "bild": "uebungen_bilder/Gemini_Generated_Image_wheoi7wheoi7wheo.png", "video_link": null, "video_file": "", "video_thumbnail": "", "created_by": null, "is_custom": false, "erstellt_am": "2024-01-01T12:00:00Z", "equipment": [2], "favoriten": [], "tags": []}}, {"model": "core.uebung", "pk": 75, "fields": {"bezeichnung": "Upright Rows (Langhantel)", "muskelgruppe": "SCHULTER_SEIT", "hilfsmuskeln": ["Rücken - Nacken/Trapez", "Schulter - Vordere"], "gewichts_typ": "GESAMT", "bewegungstyp": "ZIEHEN", "beschreibung": "Enger Griff, Stange zum Kinn ziehen. Ellbogen hoch, kontrolliert senken.", "bild": "", "video_link": null, "video_file": "", "video_thumbnail": "", "created_by": null, "is_custom": false, "erstellt_am": "2024-01-01T12:00:00Z", "equipment": [1], "favoriten": [], "tags": [1, 11]}}, {"model": "core.uebung", "pk": 76, "fields": {"bezeichnung": "Lying Lateral Raises (Bank, Kurzhantel)", "muskelgruppe": "SCHULTER_SEIT", "hilfsmuskeln": [], "gewichts_typ": "PRO_SEITE", "bewegungstyp": "ISOLATION", "beschreibung": "Seitlage auf Bank. Obere Hantel seitlich heben. Isoliert seitliche Schulter.", "bild": "uebungen_bilder/Gemini_Generated_Image_r42sttr42sttr42s.png", "video_link": null, "video_file": "", "video_thumbnail": "", "created_by": null, "is_custom": false, "erstellt_am": "2024-01-01T12:00:00Z", "equipment": [3, 2], "favoriten": [], "tags": []}}, {"model": "core.uebung", "pk": 77, "fields": {"bezeichnung": "Langhantel Shrugs (Langhantel)", "muskelgruppe": "RUECKEN_TRAPEZ", "hilfsmuskeln": ["Nacken"], "gewichts_typ": "GESAMT", "bewegungstyp": "HEBEN", "beschreibung": "Stehend, Stange vor Körper. Schultern vertikal heben (shrugging motion). Keine Rotation.", "bild": "", "video_link": null, "video_file": "", "video_thumbnail": "", "created_by": null, "is_custom": false, "erstellt_am": "2024-01-01T12:00:00Z", "equipment": [1], "favoriten": [], "tags": []}}, {"model": "core.uebung", "pk": 78, "fields": {"bezeichnung": "Prone I-Y-T Raises (Körpergewicht/leichte DB)", "muskelgruppe": "RUECKEN_TRAPEZ", "hilfsmuskeln": ["Schulter - Hintere", "Rücken - Oberer"], "gewichts_typ": "PRO_SEITE", "bewegungstyp": "HEBEN", "beschreibung": "Bauchlage auf Bank. Arme in I-, Y- und T-Position heben. Langsam, kontrolliert.", "bild": "", "video_link": null, "video_file": "", "video_thumbnail": "", "created_by": null, "is_custom": false, "erstellt_am": "2024-01-01T12:00:00Z", "equipment": [2], "favoriten": [], "tags": []}}, {"model": "core.uebung", "pk": 79, "fields": {"bezeichnung": "Single Leg Calf Raises (Körpergewicht)", "muskelgruppe": "WADEN", "hilfsmuskeln": [], "gewichts_typ": "KOERPERGEWICHT", "bewegungstyp": "ISOLATION", "beschreibung": "Einbeinig auf Kante/Stufe. Ferse senken, auf Zehenspitzen heben. Pro Seite.", "bild": "", "video_link": null, "video_file": "", "video_thumbnail": "", "created_by": null, "is_custom": false, "erstellt_am": "2024-01-01T12:00:00Z", "equipment": [], "favoriten": [], "tags": []}}, {"model": "core.uebung", "pk": 80, "fields": {"bezeichnung": "Seated Calf Raises (Kurzhantel auf Knien)", "muskelgruppe": "WADEN", "hilfsmuskeln": [], "gewichts_typ": "PRO_SEITE", "bewegungstyp": "ISOLATION", "beschreibung": "Sitzend, Hantel auf Knien. Fersen heben und senken. Fokus auf Soleus-Muskel.", "bild": "", "video_link": null, "video_file": "", "video_thumbnail": "", "created_by": null, "is_custom": false, "erstellt_am": "2024-01-01T12:00:00Z", "equipment": [2], "favoriten": [], "tags": []}}, {"model": "core.uebung", "pk": 81, "fields": {"bezeichnung": "Donkey Calf Raises (Körpergewicht)", "muskelgruppe": "WADEN", "hilfsmuskeln": [], "gewichts_typ": "KOERPERGEWICHT", "bewegungstyp": "ISOLATION", "beschreibung": "Vorgebeugt, Hände auf Bank. Fersen heben und senken. Maximale Wadendehnung.", "bild": "", "video_link": null, "video_file": "", "video_thumbnail": "", "created_by": null, "is_custom": false, "erstellt_am": "2024-01-01T12:00:00Z", "equipment": [], "favoriten": [], "tags": []}}, {"model": "core.uebung", "pk": 82, "fields": {"bezeichnung": "Reverse Wrist Curls (Kurzhantel)", "muskelgruppe": "UNTERARME", "hilfsmuskeln": [], "gewichts_typ": "PRO_SEITE", "bewegungstyp": "ISOLATION", "beschreibung": "Unterarme auf Bank, Handrücken oben. Hanteln mit Handgelenk heben. Unterarmstrecker trainieren.", "bild": "", "video_link": null, "video_file": "", "video_thumbnail": "", "created_by": null, "is_custom": false, "erstellt_am": "2024-01-01T12:00:00Z", "equipment": [2], "favoriten": [], "tags": []}}, {"model": "core.uebung", "pk": 83, "fields": {"bezeichnung": "Face Pulls (Widerstandsband)", "muskelgruppe": "SCHULTER_HINT", "hilfsmuskeln": ["RUECKEN_TRAPEZ", "UNTERARME"], "gewichts_typ": "GESAMT", "bewegungstyp": "ISOLATION", "beschreibung": "Band auf Schulterhöhe befestigen. Zum Gesicht ziehen, Ellbogen hoch, Schulterblätter zusammen. Wichtig für hintere Schulter.", "bild": "", "video_link": null, "video_file": "", "video_thumbnail": "", "created_by": null, "is_custom": false, "erstellt_am": "2024-01-01T12:00:00Z", "equipment": [16], "favoriten": [], "tags": []}}, {"model": "core.uebung", "pk": 84, "fields": {"bezeichnung": "Glute Kickbacks (Körpergewicht)", "muskelgruppe": "PO", "hilfsmuskeln": ["Beine - Oberschenkel hinten"], "gewichts_typ": "KOERPERGEWICHT", "bewegungstyp": "ISOLATION", "beschreibung": "Vierfüßlerstand. Bein nach hinten/oben strecken. Po anspannen, kontrolliert.", "bild": "", "video_link": null, "video_file": "", "video_thumbnail": "", "created_by": null, "is_custom": false, "erstellt_am": "2024-01-01T12:00:00Z", "equipment": [], "favoriten": [], "tags": []}}, {"model": "core.uebung", "pk": 85, "fields": {"bezeichnung": "Single Leg Hip Thrust (Körpergewicht/Hantel)", "muskelgruppe": "PO", "hilfsmuskeln": ["Beine - Oberschenkel hinten", "Bauch"], "gewichts_typ": "PRO_SEITE", "bewegungstyp": "HEBEN", "beschreibung": "Rücken auf Bank, ein Bein gestreckt. Hüfte heben, Po anspannen. Pro Seite.", "bild": "", "video_link": null, "video_file": "", "video_thumbnail": "", "created_by": null, "is_custom": false, "erstellt_am": "2024-01-01T12:00:00Z", "equipment": [3], "favoriten": [], "tags": [1, 5]}}, {"model": "core.uebung", "pk": 86, "fields": {"bezeichnung": "Side Lunges (Kurzhantel)", "muskelgruppe": "ADDUKTOREN", "hilfsmuskeln": ["Beine - Oberschenkel vorne", "Po"], "gewichts_typ": "PRO_SEITE", "bewegungstyp": "BEUGEN", "beschreibung": "Seitlicher Ausfallschritt. Gewicht auf Ferse, Knie über Fuß. Adduktoren dehnen.", "bild": "", "video_link": null, "video_file": "", "video_thumbnail": "", "created_by": null, "is_custom": false, "erstellt_am": "2024-01-01T12:00:00Z", "equipment": [2], "favoriten": [], "tags": []}}, {"model": "core.uebung", "pk": 87, "fields": {"bezeichnung": "Copenhagen Planks (Körpergewicht)", "muskelgruppe": "ADDUKTOREN", "hilfsmuskeln": ["Bauch", "Rücken - Unterer"], "gewichts_typ": "ZEIT", "bewegungstyp": "ISOLATION", "beschreibung": "Seitlicher Plank, oberes Bein auf Bank. Körper gerade halten. Adduktoren aktiviert.", "bild": "", "video_link": null, "video_file": "", "video_thumbnail": "", "created_by": null, "is_custom": false, "erstellt_am": "2024-01-01T12:00:00Z", "equipment": [], "favoriten": [], "tags": [3, 9, 5, 12]}}, {"model": "core.uebung", "pk": 88, "fields": {"bezeichnung": "Sumo Squats (Kurzhantel)", "muskelgruppe": "ADDUKTOREN", "hilfsmuskeln": ["Beine - Oberschenkel vorne", "Po"], "gewichts_typ": "GESAMT", "bewegungstyp": "BEUGEN", "beschreibung": "Breiter Stand, Füße nach außen. Tief beugen, Hantel zwischen Beinen. Adduktoren fokussieren.", "bild": "", "video_link": null, "video_file": "", "video_thumbnail": "", "created_by": null, "is_custom": false, "erstellt_am": "2024-01-01T12:00:00Z", "equipment": [2], "favoriten": [], "tags": []}}, {"model": "core.uebung", "pk": 89, "fields": {"bezeichnung": "Cossack Squats (Körpergewicht/Kurzhantel)", "muskelgruppe": "ADDUKTOREN", "hilfsmuskeln": ["Beine - Oberschenkel vorne", "Po"], "gewichts_typ": "PRO_SEITE", "bewegungstyp": "BEUGEN", "beschreibung": "Breiter Stand. Zu einer Seite tief beugen, anderes Bein gestreckt. Seitenwechsel.", "bild": "", "video_link": null, "video_file": "", "video_thumbnail": "", "created_by": null, "is_custom": false, "erstellt_am": "2024-01-01T12:00:00Z", "equipment": [2], "favoriten": [], "tags": []}}, {"model": "core.uebung", "pk": 90, "fields": {"bezeichnung": "Side-Lying Leg Raises (Körpergewicht)", "muskelgruppe": "ABDUKTOREN", "hilfsmuskeln": ["Po"], "gewichts_typ": "KOERPERGEWICHT", "bewegungstyp": "ISOLATION", "beschreibung": "Seitlage. Oberes Bein gerade anheben und senken. Fokus auf Abduktoren.", "bild": "", "video_link": null, "video_file": "", "video_thumbnail": "", "created_by": null, "is_custom": false, "erstellt_am": "2024-01-01T12:00:00Z", "equipment": [], "favoriten": [], "tags": []}}, {"model": "core.uebung", "pk": 91, "fields": {"bezeichnung": "Clamshells (Körpergewicht)", "muskelgruppe": "ABDUKTOREN", "hilfsmuskeln": ["Po"], "gewichts_typ": "KOERPERGEWICHT", "bewegungstyp": "ISOLATION", "beschreibung": "Seitlage, Knie gebeugt. Oberes Knie öffnen wie Muschel. Füße zusammen.", "bild": "", "video_link": null, "video_file": "", "video_thumbnail": "", "created_by": null, "is_custom": false, "erstellt_am": "2024-01-01T12:00:00Z", "equipment": [], "favoriten": [], "tags": []}}, {"model": "core.uebung", "pk": 92, "fields": {"bezeichnung": "Fire Hydrants (Körpergewicht)", "muskelgruppe": "ABDUKTOREN", "hilfsmuskeln": ["Po"], "gewichts_typ": "KOERPERGEWICHT", "bewegungstyp": "ISOLATION", "beschreibung": "Vierfüßlerstand. Knie seitlich anheben (90° Hüfte). Abduktoren und Po aktivieren.", "bild": "", "video_link": null, "video_file": "", "video_thumbnail": "", "created_by": null, "is_custom": false, "erstellt_am": "2024-01-01T12:00:00Z", "equipment": [], "favoriten": [], "tags": []}}, {"model": "core.uebung", "pk": 93, "fields": {"bezeichnung": "Standing Hip Abduction (Körpergewicht)", "muskelgruppe": "ABDUKTOREN", "hilfsmuskeln": ["Po", "Bauch"], "gewichts_typ": "KOERPERGEWICHT", "bewegungstyp": "ISOLATION", "beschreibung": "Stehend, ein Bein seitlich abheben. Balance halten, kontrolliert senken. Pro Seite.", "bild": "", "video_link": null, "video_file": "", "video_thumbnail": "", "created_by": null, "is_custom": false, "erstellt_am": "2024-01-01T12:00:00Z", "equipment": [], "favoriten": [], "tags": []}}, {"model": "core.uebung", "pk": 94, "fields": {"bezeichnung": "Lying Leg Raises (Körpergewicht)", "muskelgruppe": "HUEFTBEUGER", "hilfsmuskeln": ["Bauch"], "gewichts_typ": "KOERPERGEWICHT", "bewegungstyp": "BEUGEN", "beschreibung": "Rückenlage. Gestreckte Beine anheben bis 90°. Kontrolliert senken ohne Boden zu berühren.", "bild": "", "video_link": null, "video_file": "", "video_thumbnail": "", "created_by": null, "is_custom": false, "erstellt_am": "2024-01-01T12:00:00Z", "equipment": [], "favoriten": [], "tags": []}}, {"model": "core.uebung", "pk": 95, "fields": {"bezeichnung": "Standing Knee Raises (Körpergewicht)", "muskelgruppe": "HUEFTBEUGER", "hilfsmuskeln": ["Bauch"], "gewichts_typ": "KOERPERGEWICHT", "bewegungstyp": "BEUGEN", "beschreibung": "Stehend. Knie abwechselnd bis Hüfthöhe ziehen. Kontrolliert, kein Schwung.", "bild": "", "video_link": null, "video_file": "", "video_thumbnail": "", "created_by": null, "is_custom": false, "erstellt_am": "2024-01-01T12:00:00Z", "equipment": [], "favoriten": [], "tags": []}}, {"model": "core.uebung", "pk": 96, "fields": {"bezeichnung": "Psoas Marches (Körpergewicht)", "muskelgruppe": "HUEFTBEUGER", "hilfsmuskeln": ["Bauch"], "gewichts_typ": "KOERPERGEWICHT", "bewegungstyp": "BEUGEN", "beschreibung": "Rückenlage, Beine 90° angewinkelt. Abwechselnd Ferse zum Boden senken ohne abzusetzen.", "bild": "", "video_link": null, "video_file": "", "video_thumbnail": "", "created_by": null, "is_custom": false, "erstellt_am": "2024-01-01T12:00:00Z", "equipment": [], "favoriten": [], "tags": []}}, {"model": "core.uebung", "pk": 97, "fields": {"bezeichnung": "Mountain Climbers (Körpergewicht)", "muskelgruppe": "HUEFTBEUGER", "hilfsmuskeln": ["Bauch", "Brust", "Schulter - Vordere"], "gewichts_typ": "KOERPERGEWICHT", "bewegungstyp": "BEUGEN", "beschreibung": "Plank-Position. Knie abwechselnd schnell zur Brust ziehen. Cardio und Hüftbeuger.", "bild": "", "video_link": null, "video_file": "", "video_thumbnail": "", "created_by": null, "is_custom": false, "erstellt_am": "2024-01-01T12:00:00Z", "equipment": [], "favoriten": [], "tags": [8, 5]}}, {"model": "core.uebung", "pk": 98, "fields": {"bezeichnung": "Floor Press (Langhantel)", "muskelgruppe": "BRUST", "hilfsmuskeln": ["TRIZEPS", "SCHULTER_VORN"], "gewichts_typ": "GESAMT", "bewegungstyp": "DRUECKEN", "beschreibung": "Rücken auf dem Boden. Langhantel drücken wie beim Bankdrücken, aber Ellbogen stoppen am Boden (schont Schulter, fokussiert Trizeps).", "bild": "", "video_link": null, "video_file": "", "video_thumbnail": "", "created_by": null, "is_custom": false, "erstellt_am": "2024-01-01T12:00:00Z", "equipment": [3, 1], "favoriten": [], "tags": []}}, {"model": "core.uebung", "pk": 99, "fields": {"bezeichnung": "Dead Bug (Körpergewicht)", "muskelgruppe": "BAUCH", "hilfsmuskeln": ["Hüftbeuger"], "gewichts_typ": "KOERPERGEWICHT", "bewegungstyp": "ISOLATION", "beschreibung": "Rückenlage, Arme nach oben gestreckt, Beine 90° angewinkelt. Abwechselnd gegenläufig Arm und Bein ausstrecken (rechter Arm + linkes Bein). Rücken bleibt flach am Boden, Bauchspannung halten.", "bild": "", "video_link": null, "video_file": "", "video_thumbnail": "", "created_by": null, "is_custom": false, "erstellt_am": "2024-01-01T12:00:00Z", "equipment": [], "favoriten": [], "tags": [9, 5, 12]}}, {"model": "core.uebung", "pk": 100, "fields": {"bezeichnung": "Crunch (Körpergewicht)", "muskelgruppe": "BAUCH", "hilfsmuskeln": [], "gewichts_typ": "KOERPERGEWICHT", "bewegungstyp": "ISOLATION", "beschreibung": "Rückenlage, Beine angewinkelt, Füße am Boden. Oberkörper kontrolliert aufrollen (Schultern vom Boden), oben kurz halten, langsam ablassen. Fokus auf obere Bauchmuskeln.", "bild": "", "video_link": null, "video_file": "", "video_thumbnail": "", "created_by": null, "is_custom": false, "erstellt_am": "2024-01-01T12:00:00Z", "equipment": [], "favoriten": [], "tags": []}}, {"model": "core.uebung", "pk": 101, "fields": {"bezeichnung": "Reverse Crunch (Körpergewicht)", "muskelgruppe": "BAUCH", "hilfsmuskeln": ["Hüftbeuger"], "gewichts_typ": "KOERPERGEWICHT", "bewegungstyp": "ISOLATION", "beschreibung": "Rückenlage, Arme neben dem Körper. Beine angewinkelt anheben, Becken aktiv nach oben kippen. Langsam zurück ohne Schwung. Fokus auf untere Bauchmuskeln.", "bild": "", "video_link": null, "video_file": "", "video_thumbnail": "", "created_by": null, "is_custom": false, "erstellt_am": "2024-01-01T12:00:00Z", "equipment": [], "favoriten": [], "tags": []}}, {"model": "core.uebung", "pk": 102, "fields": {"bezeichnung": "Burpees (Körpergewicht)", "muskelgruppe": "GANZKOERPER", "hilfsmuskeln": ["BRUST", "TRIZEPS", "BAUCH", "BEINE_QUAD"], "gewichts_typ": "KOERPERGEWICHT", "bewegungstyp": "KOMPLEX", "beschreibung": "Aufrecht stehen. Schnell in die Plank gehen, Push-up machen, Beine hochziehen, hochspringen. Explosiv, Ganzkörper-Cardio.", "bild": "", "video_link": null, "video_file": "", "video_thumbnail": "", "created_by": null, "is_custom": false, "erstellt_am": "2026-01-24T17:07:29.869Z", "equipment": [21], "favoriten": [], "tags": [8, 5, 6]}}, {"model": "core.uebung", "pk": 103, "fields": {"bezeichnung": "Jump Squats (Körpergewicht)", "muskelgruppe": "GANZKOERPER", "hilfsmuskeln": ["BEINE_QUAD", "PO", "BAUCH"], "gewichts_typ": "KOERPERGEWICHT", "bewegungstyp": "KOMPLEX", "beschreibung": "Tief in die Hocke, explosiv hochspringen. Soft landen, sofort nächste Wiederholung. Plyometrisches Cardio für Beine.", "bild": "", "video_link": null, "video_file": "", "video_thumbnail": "", "created_by": null, "is_custom": false, "erstellt_am": "2026-01-24T17:07:29.873Z", "equipment": [21], "favoriten": [], "tags": [5, 6]}}, {"model": "core.uebung", "pk": 104, "fields": {"bezeichnung": "Bear Crawls (Körpergewicht)", "muskelgruppe": "GANZKOERPER", "hilfsmuskeln": ["SCHULTER_VORN", "BRUST", "BAUCH", "RUECKEN_OBERER"], "gewichts_typ": "KOERPERGEWICHT", "bewegungstyp": "KOMPLEX", "beschreibung": "Vierfüßlerstand mit Hüfte hoch. Vorwärts/rückwärts krabbeln. Gleichmäßig, Kern stabil. Ganzkörper-Kraft und Ausdauer.", "bild": "", "video_link": null, "video_file": "", "video_thumbnail": "", "created_by": null, "is_custom": false, "erstellt_am": "2026-01-24T17:07:29.875Z", "equipment": [21], "favoriten": [], "tags": [8, 5, 7]}}, {"model": "core.uebung", "pk": 105, "fields": {"bezeichnung": "High Knees (Körpergewicht)", "muskelgruppe": "GANZKOERPER", "hilfsmuskeln": ["HUEFTBEUGER", "BAUCH", "WADEN"], "gewichts_typ": "KOERPERGEWICHT", "bewegungstyp": "CARDIO", "beschreibung": "Sprint auf der Stelle mit hohen Knien (bis Hüfthöhe). Schnell, rhythmisch. Cardio und Hüftbeuger-Ausdauer.", "bild": "", "video_link": null, "video_file": "", "video_thumbnail": "", "created_by": null, "is_custom": false, "erstellt_am": "2026-01-24T17:07:29.877Z", "equipment": [21], "favoriten": [], "tags": [8, 5]}}, {"model": "core.uebung", "pk": 106, "fields": {"bezeichnung": "Broad Jumps (Körpergewicht)", "muskelgruppe": "GANZKOERPER", "hilfsmuskeln": ["BEINE_QUAD", "PO", "BAUCH"], "gewichts_typ": "KOERPERGEWICHT", "bewegungstyp": "KOMPLEX", "beschreibung": "Tief beugen, explosiv horizontal springen. Soft landen, Kernkontrolle halten. Power und Distanz-Sprints.", "bild": "", "video_link": null, "video_file": "", "video_thumbnail": "", "created_by": null, "is_custom": false, "erstellt_am": "2026-01-24T17:07:29.881Z", "equipment": [21], "favoriten": [], "tags": [5, 6]}}, {"model": "core.uebung", "pk": 107, "fields": {"bezeichnung": "Band Crossover (Widerstandsband)", "muskelgruppe": "BRUST", "hilfsmuskeln": ["SCHULTER_VORN"], "gewichts_typ": "GESAMT", "bewegungstyp": "ISOLATION", "beschreibung": "Band auf Brusthöhe links/rechts fixieren. Arme fast gestreckt zur Mitte führen, kontrolliert zurück. Konstante Spannung auf der Brust.", "bild": "", "video_link": null, "video_file": "", "video_thumbnail": "", "created_by": null, "is_custom": false, "erstellt_am": "2026-01-24T17:11:46.551Z", "equipment": [16], "favoriten": [], "tags": []}}, {"model": "core.uebung", "pk": 108, "fields": {"bezeichnung": "Band Crunches (Widerstandsband)", "muskelgruppe": "BAUCH", "hilfsmuskeln": [], "gewichts_typ": "GESAMT", "bewegungstyp": "ISOLATION", "beschreibung": "Kniend, Band über Kopf fixiert. Bauch anspannen und nach unten crunchen, langsam zurück. Spannung im Rumpf halten.", "bild": "", "video_link": null, "video_file": "", "video_thumbnail": "", "created_by": null, "is_custom": false, "erstellt_am": "2026-01-24T17:11:46.554Z", "equipment": [16], "favoriten": [], "tags": [3, 9, 2]}}, {"model": "core.uebung", "pk": 109, "fields": {"bezeichnung": "Band Lat Pulldown (Widerstandsband)", "muskelgruppe": "RUECKEN_LAT", "hilfsmuskeln": ["BIZEPS"], "gewichts_typ": "GESAMT", "bewegungstyp": "ZIEHEN", "beschreibung": "Band oben fixieren, Schulterbreit greifen. Zur oberen Brust ziehen, Schulterblätter nach unten/hinten, langsam hochlassen.", "bild": "", "video_link": null, "video_file": "", "video_thumbnail": "", "created_by": null, "is_custom": false, "erstellt_am": "2026-01-24T17:11:46.556Z", "equipment": [16], "favoriten": [], "tags": []}}, {"model": "core.uebung", "pk": 110, "fields": {"bezeichnung": "Band Straight-Arm Pulldown", "muskelgruppe": "RUECKEN_LAT", "hilfsmuskeln": ["RUECKEN_TRAPEZ"], "gewichts_typ": "GESAMT", "bewegungstyp": "ZIEHEN", "beschreibung": "Band oben fixieren, Arme gestreckt. Zug nach unten bis Hüfte, Lats anspannen, kontrolliert zurück. Kein Ellbogenbeugen.", "bild": "", "video_link": null, "video_file": "", "video_thumbnail": "", "created_by": null, "is_custom": false, "erstellt_am": "2026-01-24T17:11:46.557Z", "equipment": [16], "favoriten": [], "tags": []}}, {"model": "core.uebung", "pk": 111, "fields": {"bezeichnung": "Trizeps Pushdown (Widerstandsband)", "muskelgruppe": "TRIZEPS", "hilfsmuskeln": ["SCHULTER_HINT"], "gewichts_typ": "GESAMT", "bewegungstyp": "ISOLATION", "beschreibung": "Band oben fixieren. Ellbogen an der Seite, Unterarme strecken bis voll, kontrolliert zurück. Fokus auf Trizeps-Streckung.", "bild": "", "video_link": null, "video_file": "", "video_thumbnail": "", "created_by": null, "is_custom": false, "erstellt_am": "2026-01-24T17:11:46.559Z", "equipment": [16], "favoriten": [], "tags": [2]}}, {"model": "core.koerperwerte", "pk": 1, "fields": {"user": 2, "datum": "2026-01-02", "groesse_cm": 180, "gewicht": "100.00", "fettmasse_kg": "29.80", "koerperfett_prozent": "29.8", "koerperwasser_kg": "51.40", "muskelmasse_kg": "37.60", "knochenmasse_kg": null, "notiz": ""}}, {"model": "core.koerperwerte", "pk": 2, "fields": {"user": 2, "datum": "2026-01-06", "groesse_cm": 180, "gewicht": "100.00", "fettmasse_kg": "27.70", "koerperfett_prozent": "27.7", "koerperwasser_kg": "53.00", "muskelmasse_kg": "39.00", "knochenmasse_kg": null, "notiz": ""}}, {"model": "core.koerperwerte", "pk": 4, "fields": {"user": 2, "datum": "2026-01-14", "groesse_cm": 180, "gewicht": "99.00", "fettmasse_kg": "25.70", "koerperfett_prozent": "25.9", "koerperwasser_kg": "53.70", "muskelmasse_kg": "39.70", "knochenmasse_kg": null, "notiz": ""}}, {"model": "core.koerperwerte", "pk": 5, "fields": {"user": 2, "datum": "2026-01-24", "groesse_cm": 180, "gewicht": "95.00", "fettmasse_kg": "23.00", "koerperfett_prozent": "24.2", "koerperwasser_kg": "57.20", "muskelmasse_kg": "39.00", "knochenmasse_kg": null, "notiz": ""}}, {"model": "core.koerperwerte", "pk": 7, "fields": {"user": 2, "datum": "2026-02-03", "groesse_cm": 180, "gewicht": "95.00", "fettmasse_kg": "21.50", "koerperfett_prozent": "22.6", "koerperwasser_kg": "53.90", "muskelmasse_kg": "40.10", "knochenmasse_kg": null, "notiz": ""}}, {"model": "core.trainingseinheit", "pk": 18, "fields": {"user": 2, "plan": 3, "datum": "2026-01-03T19:33:36.144Z", "dauer_minuten": 57, "kommentar": null}}, {"model": "core.trainingseinheit", "pk": 19, "fields": {"user": 2, "plan": 4, "datum": "2026-01-05T17:57:26.273Z", "dauer_minuten": 60, "kommentar": null}}, {"model": "core.trainingseinheit", "pk": 20, "fields": {"user": 2, "plan": 3, "datum": "2026-01-07T18:49:40.187Z", "dauer_minuten": 62, "kommentar": null}}, {"model": "core.trainingseinheit", "pk": 21, "fields": {"user": 2, "plan": 4, "datum": "2026-01-09T18:50:12.274Z", "dauer_minuten": 58, "kommentar": null}}, {"model": "core.trainingseinheit", "pk": 22, "fields": {"user": 2, "plan": 19, "datum": "2026-01-12T16:55:37.553Z", "dauer_minuten": 50, "kommentar": null}}, {"model": "core.trainingseinheit", "pk": 24, "fields": {"user": 2, "plan": 20, "datum": "2026-01-14T18:18:54.064Z", "dauer_minuten": 53, "kommentar": null}}, {"model": "core.trainingseinheit", "pk": 25, "fields": {"user": 3, "plan": 49, "datum": "2026-01-14T20:06:17.446Z", "dauer_minuten": null, "kommentar": null}}, {"model": "core.trainingseinheit", "pk": 26, "fields": {"user": 2, "plan": 19, "datum": "2026-01-19T17:41:04.430Z", "dauer_minuten": 52, "kommentar": null}}, {"model": "core.trainingseinheit", "pk": 27, "fields": {"user": 2, "plan": 20, "datum": "2026-01-21T17:35:18.557Z", "dauer_minuten": 56, "kommentar": null}}, {"model": "core.trainingseinheit", "pk": 28, "fields": {"user": 2, "plan": 21, "datum": "2026-01-23T19:36:51.154Z", "dauer_minuten": 52, "kommentar": null}}, {"model": "core.trainingseinheit", "pk": 29, "fields": {"user": 2, "plan": 19, "datum": "2026-01-26T16:31:12.982Z", "dauer_minuten": 59, "kommentar": null}}, {"model": "core.trainingseinheit", "pk": 32, "fields": {"user": 2, "plan": 20, "datum": "2026-01-28T18:21:10.346Z", "dauer_minuten": 107, "kommentar": null}}, {"model": "core.trainingseinheit", "pk": 33, "fields": {"user": 2, "plan": 21, "datum": "2026-01-30T17:10:47.583Z", "dauer_minuten": 58, "kommentar": null}}, {"model": "core.trainingseinheit", "pk": 36, "fields": {"user": 2, "plan": 19, "datum": "2026-02-02T17:06:23.470Z", "dauer_minuten": 112, "kommentar": null}}, {"model": "core.trainingseinheit", "pk": 38, "fields": {"user": 2, "plan": 20, "datum": "2026-02-04T18:35:47.067Z", "dauer_minuten": 51, "kommentar": null}}, {"model": "core.trainingseinheit", "pk": 39, "fields": {"user": 2, "plan": 21, "datum": "2026-02-07T18:46:08.231Z", "dauer_minuten": 92, "kommentar": null}}, {"model": "core.satz", "pk": 84, "fields": {"einheit": 18, "uebung": 45, "satz_nr": 1, "gewicht": "10.00", "wiederholungen": 12, "ist_aufwaermsatz": false, "rpe": "7.0", "notiz": null, "superset_gruppe": 0}}, {"model": "core.satz", "pk": 85, "fields": {"einheit": 18, "uebung": 45, "satz_nr": 2, "gewicht": "10.00", "wiederholungen": 12, "ist_aufwaermsatz": false, "rpe": "8.0", "notiz": null, "superset_gruppe": 0}}, {"model": "core.satz", "pk": 86, "fields": {"einheit": 18, "uebung": 45, "satz_nr": 3, "gewicht": "10.00", "wiederholungen": 12, "ist_aufwaermsatz": false, "rpe": "9.0", "notiz": null, "superset_gruppe": 0}}, {"model": "core.satz", "pk": 87, "fields": {"einheit": 18, "uebung": 15, "satz_nr": 1, "gewicht": "20.00", "wiederholungen": 12, "ist_aufwaermsatz": false, "rpe": "6.0", "notiz": null, "superset_gruppe": 0}}, {"model": "core.satz", "pk": 88, "fields": {"einheit": 18, "uebung": 15, "satz_nr": 2, "gewicht": "20.00", "wiederholungen": 12, "ist_aufwaermsatz": false, "rpe": "7.0", "notiz": null, "superset_gruppe": 0}}, {"model": "core.satz", "pk": 89, "fields": {"einheit": 18, "uebung": 15, "satz_nr": 3, "gewicht": "20.00", "wiederholungen": 12, "ist_aufwaermsatz": false, "rpe": "7.0", "notiz": null, "superset_gruppe": 0}}, {"model": "core.satz", "pk": 90, "fields": {"einheit": 18, "uebung": 21, "satz_nr": 1, "gewicht": "20.00", "wiederholungen": 12, "ist_aufwaermsatz": false, "rpe": "7.0", "notiz": null, "superset_gruppe": 0}}, {"model": "core.satz", "pk": 91, "fields": {"einheit": 18, "uebung": 21, "satz_nr": 2, "gewicht": "20.00", "wiederholungen": 12, "ist_aufwaermsatz": false, "rpe": "7.0", "notiz": null, "superset_gruppe": 0}}, {"model": "core.satz", "pk": 92, "fields": {"einheit": 18, "uebung": 21, "satz_nr": 3, "gewicht": "20.00", "wiederholungen": 12, "ist_aufwaermsatz": false, "rpe": "8.0", "notiz": null, "superset_gruppe": 0}}, {"model": "core.satz", "pk": 93, "fields": {"einheit": 18, "uebung": 7, "satz_nr": 1, "gewicht": "5.00", "wiederholungen": 12, "ist_aufwaermsatz": false, "rpe": "8.0", "notiz": null, "superset_gruppe": 0}}, {"model": "core.satz", "pk": 94, "fields": {"einheit": 18, "uebung": 7, "satz_nr": 2, "gewicht": "5.00", "wiederholungen": 12, "ist_aufwaermsatz": false, "rpe": "9.0", "notiz": null, "superset_gruppe": 0}}, {"model": "core.satz", "pk": 95, "fields": {"einheit": 18, "uebung": 54, "satz_nr": 1, "gewicht": "5.00", "wiederholungen": 12, "ist_aufwaermsatz": false, "rpe": "8.0", "notiz": null, "superset_gruppe": 0}}, {"model": "core.satz", "pk": 96, "fields": {"einheit": 18, "uebung": 54, "satz_nr": 2, "gewicht": "5.00", "wiederholungen": 12, "ist_aufwaermsatz": false, "rpe": "9.0", "notiz": null, "superset_gruppe": 0}}, {"model": "core.satz", "pk": 97, "fields": {"einheit": 18, "uebung": 99, "satz_nr": 1, "gewicht": "0.00", "wiederholungen": 12, "ist_aufwaermsatz": false, "rpe": "8.0", "notiz": null, "superset_gruppe": 0}}, {"model": "core.satz", "pk": 98, "fields": {"einheit": 18, "uebung": 99, "satz_nr": 2, "gewicht": "0.00", "wiederholungen": 12, "ist_aufwaermsatz": false, "rpe": "9.0", "notiz": null, "superset_gruppe": 0}}, {"model": "core.satz", "pk": 99, "fields": {"einheit": 18, "uebung": 99, "satz_nr": 3, "gewicht": "0.00", "wiederholungen": 12, "ist_aufwaermsatz": false, "rpe": "9.0", "notiz": null, "superset_gruppe": 0}}, {"model": "core.satz", "pk": 100, "fields": {"einheit": 18, "uebung": 57, "satz_nr": 1, "gewicht": "10.00", "wiederholungen": 8, "ist_aufwaermsatz": false, "rpe": "9.0", "notiz": null, "superset_gruppe": 0}}, {"model": "core.satz", "pk": 101, "fields": {"einheit": 18, "uebung": 57, "satz_nr": 2, "gewicht": "10.00", "wiederholungen": 6, "ist_aufwaermsatz": false, "rpe": "10.0", "notiz": null, "superset_gruppe": 0}}, {"model": "core.satz", "pk": 102, "fields": {"einheit": 19, "uebung": 27, "satz_nr": 1, "gewicht": "5.00", "wiederholungen": 12, "ist_aufwaermsatz": false, "rpe": "9.0", "notiz": null, "superset_gruppe": 0}}, {"model": "core.satz", "pk": 103, "fields": {"einheit": 19, "uebung": 27, "satz_nr": 2, "gewicht": "5.00", "wiederholungen": 10, "ist_aufwaermsatz": false, "rpe": "10.0", "notiz": null, "superset_gruppe": 0}}, {"model": "core.satz", "pk": 104, "fields": {"einheit": 19, "uebung": 27, "satz_nr": 3, "gewicht": "5.00", "wiederholungen": 8, "ist_aufwaermsatz": false, "rpe": "10.0", "notiz": null, "superset_gruppe": 0}}, {"model": "core.satz", "pk": 105, "fields": {"einheit": 19, "uebung": 6, "satz_nr": 1, "gewicht": "5.00", "wiederholungen": 12, "ist_aufwaermsatz": false, "rpe": "8.0", "notiz": null, "superset_gruppe": 0}}, {"model": "core.satz", "pk": 106, "fields": {"einheit": 19, "uebung": 6, "satz_nr": 2, "gewicht": "5.00", "wiederholungen": 12, "ist_aufwaermsatz": false, "rpe": "9.0", "notiz": null, "superset_gruppe": 0}}, {"model": "core.satz", "pk": 107, "fields": {"einheit": 19, "uebung": 6, "satz_nr": 3, "gewicht": "5.00", "wiederholungen": 10, "ist_aufwaermsatz": false, "rpe": "10.0", "notiz": null, "superset_gruppe": 0}}, {"model": "core.satz", "pk": 108, "fields": {"einheit": 19, "uebung": 17, "satz_nr": 1, "gewicht": "10.00", "wiederholungen": 12, "ist_aufwaermsatz": false, "rpe": "8.0", "notiz": null, "superset_gruppe": 0}}, {"model": "core.satz", "pk": 109, "fields": {"einheit": 19, "uebung": 17, "satz_nr": 2, "gewicht": "10.00", "wiederholungen": 12, "ist_aufwaermsatz": false, "rpe": "8.0", "notiz": null, "superset_gruppe": 0}}, {"model": "core.satz", "pk": 110, "fields": {"einheit": 19, "uebung": 17, "satz_nr": 3, "gewicht": "10.00", "wiederholungen": 10, "ist_aufwaermsatz": false, "rpe": "10.0", "notiz": null, "superset_gruppe": 0}}, {"model": "core.satz", "pk": 111, "fields": {"einheit": 19, "uebung": 21, "satz_nr": 1, "gewicht": "25.00", "wiederholungen": 12, "ist_aufwaermsatz": false, "rpe": "8.0", "notiz": null, "superset_gruppe": 0}}, {"model": "core.satz", "pk": 112, "fields": {"einheit": 19, "uebung": 21, "satz_nr": 2, "gewicht": "25.00", "wiederholungen": 12, "ist_aufwaermsatz": false, "rpe": "8.0", "notiz": null, "superset_gruppe": 0}}, {"model": "core.satz", "pk": 113, "fields": {"einheit": 19, "uebung": 21, "satz_nr": 3, "gewicht": "25.00", "wiederholungen": 12, "ist_aufwaermsatz": false, "rpe": "9.0", "notiz": null, "superset_gruppe": 0}}, {"model": "core.satz", "pk": 114, "fields": {"einheit": 19, "uebung": 11, "satz_nr": 1, "gewicht": "5.00", "wiederholungen": 12, "ist_aufwaermsatz": false, "rpe": "8.0", "notiz": null, "superset_gruppe": 0}}, {"model": "core.satz", "pk": 115, "fields": {"einheit": 19, "uebung": 11, "satz_nr": 2, "gewicht": "5.00", "wiederholungen": 10, "ist_aufwaermsatz": false, "rpe": "10.0", "notiz": null, "superset_gruppe": 0}}, {"model": "core.satz", "pk": 116, "fields": {"einheit": 19, "uebung": 11, "satz_nr": 3, "gewicht": "5.00", "wiederholungen": 8, "ist_aufwaermsatz": false, "rpe": "10.0", "notiz": null, "superset_gruppe": 0}}, {"model": "core.satz", "pk": 117, "fields": {"einheit": 19, "uebung": 101, "satz_nr": 1, "gewicht": "0.00", "wiederholungen": 15, "ist_aufwaermsatz": false, "rpe": "8.0", "notiz": null, "superset_gruppe": 0}}, {"model": "core.satz", "pk": 118, "fields": {"einheit": 19, "uebung": 101, "satz_nr": 2, "gewicht": "0.00", "wiederholungen": 15, "ist_aufwaermsatz": false, "rpe": "9.0", "notiz": null, "superset_gruppe": 0}}, {"model": "core.satz", "pk": 119, "fields": {"einheit": 19, "uebung": 101, "satz_nr": 3, "gewicht": "0.00", "wiederholungen": 11, "ist_aufwaermsatz": false, "rpe": "10.0", "notiz": null, "superset_gruppe": 0}}, {"model": "core.satz", "pk": 120, "fields": {"einheit": 20, "uebung": 15, "satz_nr": 1, "gewicht": "25.00", "wiederholungen": 12, "ist_aufwaermsatz": false, "rpe": "7.0", "notiz": null, "superset_gruppe": 0}}, {"model": "core.satz", "pk": 121, "fields": {"einheit": 20, "uebung": 15, "satz_nr": 2, "gewicht": "25.00", "wiederholungen": 12, "ist_aufwaermsatz": false, "rpe": "7.0", "notiz": null, "superset_gruppe": 0}}, {"model": "core.satz", "pk": 122, "fields": {"einheit": 20, "uebung": 15, "satz_nr": 3, "gewicht": "25.00", "wiederholungen": 12, "ist_aufwaermsatz": false, "rpe": "8.0", "notiz": null, "superset_gruppe": 0}}, {"model": "core.satz", "pk": 123, "fields": {"einheit": 20, "uebung": 45, "satz_nr": 1, "gewicht": "15.00", "wiederholungen": 12, "ist_aufwaermsatz": false, "rpe": "8.0", "notiz": null, "superset_gruppe": 0}}, {"model": "core.satz", "pk": 124, "fields": {"einheit": 20, "uebung": 45, "satz_nr": 2, "gewicht": "15.00", "wiederholungen": 11, "ist_aufwaermsatz": false, "rpe": "10.0", "notiz": null, "superset_gruppe": 0}}, {"model": "core.satz", "pk": 125, "fields": {"einheit": 20, "uebung": 45, "satz_nr": 3, "gewicht": "15.00", "wiederholungen": 8, "ist_aufwaermsatz": false, "rpe": "10.0", "notiz": null, "superset_gruppe": 0}}, {"model": "core.satz", "pk": 126, "fields": {"einheit": 20, "uebung": 21, "satz_nr": 1, "gewicht": "25.00", "wiederholungen": 12, "ist_aufwaermsatz": false, "rpe": "8.0", "notiz": null, "superset_gruppe": 0}}, {"model": "core.satz", "pk": 127, "fields": {"einheit": 20, "uebung": 21, "satz_nr": 2, "gewicht": "25.00", "wiederholungen": 12, "ist_aufwaermsatz": false, "rpe": "8.0", "notiz": null, "superset_gruppe": 0}}, {"model": "core.satz", "pk": 128, "fields": {"einheit": 20, "uebung": 21, "satz_nr": 3, "gewicht": "25.00", "wiederholungen": 12, "ist_aufwaermsatz": false, "rpe": "8.0", "notiz": null, "superset_gruppe": 0}}, {"model": "core.satz", "pk": 129, "fields": {"einheit": 20, "uebung": 7, "satz_nr": 1, "gewicht": "5.00", "wiederholungen": 15, "ist_aufwaermsatz": false, "rpe": "10.0", "notiz": null, "superset_gruppe": 0}}, {"model": "core.satz", "pk": 130, "fields": {"einheit": 20, "uebung": 7, "satz_nr": 2, "gewicht": "5.00", "wiederholungen": 15, "ist_aufwaermsatz": false, "rpe": "10.0", "notiz": null, "superset_gruppe": 0}}, {"model": "core.satz", "pk": 131, "fields": {"einheit": 20, "uebung": 9, "satz_nr": 1, "gewicht": "5.00", "wiederholungen": 12, "ist_aufwaermsatz": false, "rpe": "10.0", "notiz": null, "superset_gruppe": 0}}, {"model": "core.satz", "pk": 132, "fields": {"einheit": 20, "uebung": 9, "satz_nr": 2, "gewicht": "5.00", "wiederholungen": 12, "ist_aufwaermsatz": false, "rpe": "10.0", "notiz": null, "superset_gruppe": 0}}, {"model": "core.satz", "pk": 133, "fields": {"einheit": 20, "uebung": 57, "satz_nr": 1, "gewicht": "10.00", "wiederholungen": 6, "ist_aufwaermsatz": false, "rpe": "10.0", "notiz": null, "superset_gruppe": 0}}, {"model": "core.satz", "pk": 134, "fields": {"einheit": 20, "uebung": 57, "satz_nr": 2, "gewicht": "10.00", "wiederholungen": 5, "ist_aufwaermsatz": false, "rpe": "10.0", "notiz": null, "superset_gruppe": 0}}, {"model": "core.satz", "pk": 135, "fields": {"einheit": 20, "uebung": 99, "satz_nr": 1, "gewicht": "0.00", "wiederholungen": 12, "ist_aufwaermsatz": false, "rpe": "8.0", "notiz": null, "superset_gruppe": 0}}, {"model": "core.satz", "pk": 136, "fields": {"einheit": 20, "uebung": 99, "satz_nr": 2, "gewicht": "0.00", "wiederholungen": 12, "ist_aufwaermsatz": false, "rpe": "8.0", "notiz": null, "superset_gruppe": 0}}, {"model": "core.satz", "pk": 137, "fields": {"einheit": 20, "uebung": 99, "satz_nr": 3, "gewicht": "0.00", "wiederholungen": 12, "ist_aufwaermsatz": false, "rpe": "8.0", "notiz": null, "superset_gruppe": 0}}, {"model": "core.satz", "pk": 138, "fields": {"einheit": 21, "uebung": 27, "satz_nr": 1, "gewicht": "5.00", "wiederholungen": 12, "ist_aufwaermsatz": false, "rpe": "8.0", "notiz": null, "superset_gruppe": 0}}, {"model": "core.satz", "pk": 139, "fields": {"einheit": 21, "uebung": 27, "satz_nr": 2, "gewicht": "5.00", "wiederholungen": 12, "ist_aufwaermsatz": false, "rpe": "9.0", "notiz": null, "superset_gruppe": 0}}, {"model": "core.satz", "pk": 140, "fields": {"einheit": 21, "uebung": 27, "satz_nr": 3, "gewicht": "5.00", "wiederholungen": 10, "ist_aufwaermsatz": false, "rpe": "10.0", "notiz": null, "superset_gruppe": 0}}, {"model": "core.satz", "pk": 141, "fields": {"einheit": 21, "uebung": 6, "satz_nr": 1, "gewicht": "5.00", "wiederholungen": 12, "ist_aufwaermsatz": false, "rpe": "7.0", "notiz": null, "superset_gruppe": 0}}, {"model": "core.satz", "pk": 142, "fields": {"einheit": 21, "uebung": 6, "satz_nr": 2, "gewicht": "5.00", "wiederholungen": 12, "ist_aufwaermsatz": false, "rpe": "9.0", "notiz": null, "superset_gruppe": 0}}, {"model": "core.satz", "pk": 143, "fields": {"einheit": 21, "uebung": 6, "satz_nr": 3, "gewicht": "5.00", "wiederholungen": 12, "ist_aufwaermsatz": false, "rpe": "9.0", "notiz": null, "superset_gruppe": 0}}, {"model": "core.satz", "pk": 144, "fields": {"einheit": 21, "uebung": 17, "satz_nr": 1, "gewicht": "10.00", "wiederholungen": 12, "ist_aufwaermsatz": false, "rpe": "8.0", "notiz": null, "superset_gruppe": 0}}, {"model": "core.satz", "pk": 145, "fields": {"einheit": 21, "uebung": 17, "satz_nr": 2, "gewicht": "10.00", "wiederholungen": 12, "ist_aufwaermsatz": false, "rpe": "9.0", "notiz": null, "superset_gruppe": 0}}, {"model": "core.satz", "pk": 146, "fields": {"einheit": 21, "uebung": 17, "satz_nr": 3, "gewicht": "10.00", "wiederholungen": 11, "ist_aufwaermsatz": false, "rpe": "10.0", "notiz": null, "superset_gruppe": 0}}, {"model": "core.satz", "pk": 147, "fields": {"einheit": 21, "uebung": 21, "satz_nr": 1, "gewicht": "30.00", "wiederholungen": 12, "ist_aufwaermsatz": false, "rpe": "8.0", "notiz": null, "superset_gruppe": 0}}, {"model": "core.satz", "pk": 148, "fields": {"einheit": 21, "uebung": 21, "satz_nr": 2, "gewicht": "25.00", "wiederholungen": 12, "ist_aufwaermsatz": false, "rpe": "9.0", "notiz": null, "superset_gruppe": 0}}, {"model": "core.satz", "pk": 149, "fields": {"einheit": 21, "uebung": 21, "satz_nr": 3, "gewicht": "25.00", "wiederholungen": 12, "ist_aufwaermsatz": false, "rpe": "9.0", "notiz": null, "superset_gruppe": 0}}, {"model": "core.satz", "pk": 150, "fields": {"einheit": 21, "uebung": 11, "satz_nr": 1, "gewicht": "5.00", "wiederholungen": 12, "ist_aufwaermsatz": false, "rpe": "8.0", "notiz": null, "superset_gruppe": 0}}, {"model": "core.satz", "pk": 151, "fields": {"einheit": 21, "uebung": 11, "satz_nr": 2, "gewicht": "5.00", "wiederholungen": 12, "ist_aufwaermsatz": false, "rpe": "9.0", "notiz": null, "superset_gruppe": 0}}, {"model": "core.satz", "pk": 152, "fields": {"einheit": 21, "uebung": 11, "satz_nr": 3, "gewicht": "5.00", "wiederholungen": 12, "ist_aufwaermsatz": false, "rpe": "9.0", "notiz": null, "superset_gruppe": 0}}, {"model": "core.satz", "pk": 153, "fields": {"einheit": 21, "uebung": 101, "satz_nr": 1, "gewicht": "0.00", "wiederholungen": 15, "ist_aufwaermsatz": false, "rpe": "8.0", "notiz": null, "superset_gruppe": 0}}, {"model": "core.satz", "pk": 154, "fields": {"einheit": 21, "uebung": 101, "satz_nr": 2, "gewicht": "0.00", "wiederholungen": 15, "ist_aufwaermsatz": false, "rpe": "9.0", "notiz": null, "superset_gruppe": 0}}, {"model": "core.satz", "pk": 155, "fields": {"einheit": 21, "uebung": 101, "satz_nr": 3, "gewicht": "0.00", "wiederholungen": 10, "ist_aufwaermsatz": false, "rpe": "10.0", "notiz": null, "superset_gruppe": 0}}, {"model": "core.satz", "pk": 156, "fields": {"einheit": 22, "uebung": 2, "satz_nr": 1, "gewicht": "30.00", "wiederholungen": 10, "ist_aufwaermsatz": false, "rpe": "7.0", "notiz": null, "superset_gruppe": 0}}, {"model": "core.satz", "pk": 157, "fields": {"einheit": 22, "uebung": 2, "satz_nr": 2, "gewicht": "30.00", "wiederholungen": 10, "ist_aufwaermsatz": false, "rpe": "7.0", "notiz": null, "superset_gruppe": 0}}, {"model": "core.satz", "pk": 158, "fields": {"einheit": 22, "uebung": 2, "satz_nr": 3, "gewicht": "30.00", "wiederholungen": 10, "ist_aufwaermsatz": false, "rpe": "8.0", "notiz": null, "superset_gruppe": 0}}, {"model": "core.satz", "pk": 159, "fields": {"einheit": 22, "uebung": 2, "satz_nr": 4, "gewicht": "30.00", "wiederholungen": 10, "ist_aufwaermsatz": false, "rpe": "9.0", "notiz": null, "superset_gruppe": 0}}, {"model": "core.satz", "pk": 160, "fields": {"einheit": 22, "uebung": 5, "satz_nr": 1, "gewicht": "20.00", "wiederholungen": 12, "ist_aufwaermsatz": false, "rpe": "9.0", "notiz": null, "superset_gruppe": 0}}, {"model": "core.satz", "pk": 161, "fields": {"einheit": 22, "uebung": 5, "satz_nr": 2, "gewicht": "20.00", "wiederholungen": 9, "ist_aufwaermsatz": false, "rpe": "10.0", "notiz": null, "superset_gruppe": 0}}, {"model": "core.satz", "pk": 162, "fields": {"einheit": 22, "uebung": 5, "satz_nr": 3, "gewicht": "20.00", "wiederholungen": 8, "ist_aufwaermsatz": false, "rpe": "10.0", "notiz": null, "superset_gruppe": 0}}, {"model": "core.satz", "pk": 163, "fields": {"einheit": 22, "uebung": 11, "satz_nr": 1, "gewicht": "10.00", "wiederholungen": 12, "ist_aufwaermsatz": false, "rpe": "9.0", "notiz": null, "superset_gruppe": 0}}, {"model": "core.satz", "pk": 164, "fields": {"einheit": 22, "uebung": 11, "satz_nr": 2, "gewicht": "10.00", "wiederholungen": 12, "ist_aufwaermsatz": false, "rpe": "9.0", "notiz": null, "superset_gruppe": 0}}, {"model": "core.satz", "pk": 165, "fields": {"einheit": 22, "uebung": 11, "satz_nr": 3, "gewicht": "10.00", "wiederholungen": 11, "ist_aufwaermsatz": false, "rpe": "10.0", "notiz": null, "superset_gruppe": 0}}, {"model": "core.satz", "pk": 166, "fields": {"einheit": 22, "uebung": 76, "satz_nr": 1, "gewicht": "5.00", "wiederholungen": 12, "ist_aufwaermsatz": false, "rpe": "8.0", "notiz": null, "superset_gruppe": 0}}, {"model": "core.satz", "pk": 167, "fields": {"einheit": 22, "uebung": 76, "satz_nr": 2, "gewicht": "5.00", "wiederholungen": 12, "ist_aufwaermsatz": false, "rpe": "9.0", "notiz": null, "superset_gruppe": 0}}, {"model": "core.satz", "pk": 168, "fields": {"einheit": 22, "uebung": 76, "satz_nr": 3, "gewicht": "5.00", "wiederholungen": 12, "ist_aufwaermsatz": false, "rpe": "9.0", "notiz": null, "superset_gruppe": 0}}, {"model": "core.satz", "pk": 169, "fields": {"einheit": 22, "uebung": 12, "satz_nr": 1, "gewicht": "0.00", "wiederholungen": 10, "ist_aufwaermsatz": false, "rpe": "9.0", "notiz": "Füße berühren Boden", "superset_gruppe": 0}}, {"model": "core.satz", "pk": 170, "fields": {"einheit": 22, "uebung": 12, "satz_nr": 2, "gewicht": "0.00", "wiederholungen": 10, "ist_aufwaermsatz": false, "rpe": "9.0", "notiz": null, "superset_gruppe": 0}}, {"model": "core.satz", "pk": 171, "fields": {"einheit": 22, "uebung": 12, "satz_nr": 3, "gewicht": "0.00", "wiederholungen": 10, "ist_aufwaermsatz": false, "rpe": "9.0", "notiz": null, "superset_gruppe": 0}}, {"model": "core.satz", "pk": 172, "fields": {"einheit": 22, "uebung": 74, "satz_nr": 1, "gewicht": "5.00", "wiederholungen": 12, "ist_aufwaermsatz": false, "rpe": "9.0", "notiz": null, "superset_gruppe": 0}}, {"model": "core.satz", "pk": 173, "fields": {"einheit": 22, "uebung": 74, "satz_nr": 2, "gewicht": "5.00", "wiederholungen": 10, "ist_aufwaermsatz": false, "rpe": "10.0", "notiz": null, "superset_gruppe": 0}}, {"model": "core.satz", "pk": 191, "fields": {"einheit": 24, "uebung": 21, "satz_nr": 1, "gewicht": "35.00", "wiederholungen": 10, "ist_aufwaermsatz": false, "rpe": "7.0", "notiz": null, "superset_gruppe": 0}}, {"model": "core.satz", "pk": 192, "fields": {"einheit": 24, "uebung": 21, "satz_nr": 2, "gewicht": "35.00", "wiederholungen": 10, "ist_aufwaermsatz": false, "rpe": "7.0", "notiz": null, "superset_gruppe": 0}}, {"model": "core.satz", "pk": 193, "fields": {"einheit": 24, "uebung": 21, "satz_nr": 3, "gewicht": "35.00", "wiederholungen": 10, "ist_aufwaermsatz": false, "rpe": "8.0", "notiz": null, "superset_gruppe": 0}}, {"model": "core.satz", "pk": 194, "fields": {"einheit": 24, "uebung": 21, "satz_nr": 4, "gewicht": "35.00", "wiederholungen": 10, "ist_aufwaermsatz": false, "rpe": "9.0", "notiz": null, "superset_gruppe": 0}}, {"model": "core.satz", "pk": 195, "fields": {"einheit": 24, "uebung": 15, "satz_nr": 1, "gewicht": "30.00", "wiederholungen": 12, "ist_aufwaermsatz": false, "rpe": "9.0", "notiz": null, "superset_gruppe": 0}}, {"model": "core.satz", "pk": 196, "fields": {"einheit": 24, "uebung": 15, "satz_nr": 2, "gewicht": "30.00", "wiederholungen": 12, "ist_aufwaermsatz": false, "rpe": "9.0", "notiz": null, "superset_gruppe": 0}}, {"model": "core.satz", "pk": 197, "fields": {"einheit": 24, "uebung": 15, "satz_nr": 3, "gewicht": "30.00", "wiederholungen": 9, "ist_aufwaermsatz": false, "rpe": "10.0", "notiz": null, "superset_gruppe": 0}}, {"model": "core.satz", "pk": 198, "fields": {"einheit": 24, "uebung": 55, "satz_nr": 1, "gewicht": "10.00", "wiederholungen": 15, "ist_aufwaermsatz": false, "rpe": "9.0", "notiz": null, "superset_gruppe": 0}}, {"model": "core.satz", "pk": 199, "fields": {"einheit": 24, "uebung": 55, "satz_nr": 2, "gewicht": "10.00", "wiederholungen": 15, "ist_aufwaermsatz": false, "rpe": "9.0", "notiz": null, "superset_gruppe": 0}}, {"model": "core.satz", "pk": 200, "fields": {"einheit": 24, "uebung": 55, "satz_nr": 3, "gewicht": "10.00", "wiederholungen": 15, "ist_aufwaermsatz": false, "rpe": "10.0", "notiz": null, "superset_gruppe": 0}}, {"model": "core.satz", "pk": 201, "fields": {"einheit": 24, "uebung": 67, "satz_nr": 1, "gewicht": "15.00", "wiederholungen": 12, "ist_aufwaermsatz": false, "rpe": "9.0", "notiz": null, "superset_gruppe": 0}}, {"model": "core.satz", "pk": 202, "fields": {"einheit": 24, "uebung": 67, "satz_nr": 2, "gewicht": "15.00", "wiederholungen": 12, "ist_aufwaermsatz": false, "rpe": "9.0", "notiz": null, "superset_gruppe": 0}}, {"model": "core.satz", "pk": 203, "fields": {"einheit": 24, "uebung": 67, "satz_nr": 3, "gewicht": "15.00", "wiederholungen": 8, "ist_aufwaermsatz": false, "rpe": "10.0", "notiz": null, "superset_gruppe": 0}}, {"model": "core.satz", "pk": 204, "fields": {"einheit": 24, "uebung": 37, "satz_nr": 1, "gewicht": "10.00", "wiederholungen": 9, "ist_aufwaermsatz": false, "rpe": "10.0", "notiz": null, "superset_gruppe": 0}}, {"model": "core.satz", "pk": 205, "fields": {"einheit": 24, "uebung": 37, "satz_nr": 2, "gewicht": "10.00", "wiederholungen": 5, "ist_aufwaermsatz": false, "rpe": "10.0", "notiz": null, "superset_gruppe": 0}}, {"model": "core.satz", "pk": 206, "fields": {"einheit": 24, "uebung": 101, "satz_nr": 1, "gewicht": "0.00", "wiederholungen": 12, "ist_aufwaermsatz": false, "rpe": "9.0", "notiz": null, "superset_gruppe": 0}}, {"model": "core.satz", "pk": 207, "fields": {"einheit": 24, "uebung": 101, "satz_nr": 2, "gewicht": "0.00", "wiederholungen": 12, "ist_aufwaermsatz": false, "rpe": "9.0", "notiz": null, "superset_gruppe": 0}}, {"model": "core.satz", "pk": 208, "fields": {"einheit": 25, "uebung": 14, "satz_nr": 1, "gewicht": "0.00", "wiederholungen": 8, "ist_aufwaermsatz": false, "rpe": null, "notiz": null, "superset_gruppe": 0}}, {"model": "core.satz", "pk": 209, "fields": {"einheit": 25, "uebung": 14, "satz_nr": 2, "gewicht": "0.00", "wiederholungen": 8, "ist_aufwaermsatz": false, "rpe": null, "notiz": null, "superset_gruppe": 0}}, {"model": "core.satz", "pk": 210, "fields": {"einheit": 25, "uebung": 14, "satz_nr": 3, "gewicht": "0.00", "wiederholungen": 8, "ist_aufwaermsatz": false, "rpe": null, "notiz": null, "superset_gruppe": 0}}, {"model": "core.satz", "pk": 211, "fields": {"einheit": 25, "uebung": 65, "satz_nr": 1, "gewicht": "0.00", "wiederholungen": 8, "ist_aufwaermsatz": false, "rpe": null, "notiz": null, "superset_gruppe": 0}}, {"model": "core.satz", "pk": 212, "fields": {"einheit": 25, "uebung": 65, "satz_nr": 2, "gewicht": "0.00", "wiederholungen": 8, "ist_aufwaermsatz": false, "rpe": null, "notiz": null, "superset_gruppe": 0}}, {"model": "core.satz", "pk": 213, "fields": {"einheit": 25, "uebung": 65, "satz_nr": 3, "gewicht": "0.00", "wiederholungen": 8, "ist_aufwaermsatz": false, "rpe": null, "notiz": null, "superset_gruppe": 0}}, {"model": "core.satz", "pk": 214, "fields": {"einheit": 25, "uebung": 26, "satz_nr": 1, "gewicht": "0.00", "wiederholungen": 8, "ist_aufwaermsatz": false, "rpe": null, "notiz": null, "superset_gruppe": 0}}, {"model": "core.satz", "pk": 215, "fields": {"einheit": 25, "uebung": 26, "satz_nr": 2, "gewicht": "0.00", "wiederholungen": 8, "ist_aufwaermsatz": false, "rpe": null, "notiz": null, "superset_gruppe": 0}}, {"model": "core.satz", "pk": 216, "fields": {"einheit": 25, "uebung": 26, "satz_nr": 3, "gewicht": "0.00", "wiederholungen": 8, "ist_aufwaermsatz": false, "rpe": null, "notiz": null, "superset_gruppe": 0}}, {"model": "core.satz", "pk": 217, "fields": {"einheit": 25, "uebung": 31, "satz_nr": 1, "gewicht": "0.00", "wiederholungen": 8, "ist_aufwaermsatz": false, "rpe": null, "notiz": null, "superset_gruppe": 0}}, {"model": "core.satz", "pk": 218, "fields": {"einheit": 25, "uebung": 31, "satz_nr": 2, "gewicht": "0.00", "wiederholungen": 8, "ist_aufwaermsatz": false, "rpe": null, "notiz": null, "superset_gruppe": 0}}, {"model": "core.satz", "pk": 219, "fields": {"einheit": 25, "uebung": 31, "satz_nr": 3, "gewicht": "0.00", "wiederholungen": 8, "ist_aufwaermsatz": false, "rpe": null, "notiz": null, "superset_gruppe": 0}}, {"model": "core.satz", "pk": 220, "fields": {"einheit": 25, "uebung": 2, "satz_nr": 1, "gewicht": "0.00", "wiederholungen": 8, "ist_aufwaermsatz": false, "rpe": null, "notiz": null, "superset_gruppe": 0}}, {"model": "core.satz", "pk": 221, "fields": {"einheit": 25, "uebung": 2, "satz_nr": 2, "gewicht": "0.00", "wiederholungen": 8, "ist_aufwaermsatz": false, "rpe": null, "notiz": null, "superset_gruppe": 0}}, {"model": "core.satz", "pk": 222, "fields": {"einheit": 25, "uebung": 2, "satz_nr": 3, "gewicht": "0.00", "wiederholungen": 8, "ist_aufwaermsatz": false, "rpe": null, "notiz": null, "superset_gruppe": 0}}, {"model": "core.satz", "pk": 223, "fields": {"einheit": 25, "uebung": 50, "satz_nr": 1, "gewicht": "0.00", "wiederholungen": 8, "ist_aufwaermsatz": false, "rpe": null, "notiz": null, "superset_gruppe": 0}}, {"model": "core.satz", "pk": 224, "fields": {"einheit": 25, "uebung": 50, "satz_nr": 2, "gewicht": "0.00", "wiederholungen": 8, "ist_aufwaermsatz": false, "rpe": null, "notiz": null, "superset_gruppe": 0}}, {"model": "core.satz", "pk": 225, "fields": {"einheit": 25, "uebung": 50, "satz_nr": 3, "gewicht": "0.00", "wiederholungen": 8, "ist_aufwaermsatz": false, "rpe": null, "notiz": null, "superset_gruppe": 0}}, {"model": "core.satz", "pk": 226, "fields": {"einheit": 25, "uebung": 10, "satz_nr": 1, "gewicht": "0.00", "wiederholungen": 8, "ist_aufwaermsatz": false, "rpe": null, "notiz": null, "superset_gruppe": 0}}, {"model": "core.satz", "pk": 227, "fields": {"einheit": 25, "uebung": 10, "satz_nr": 2, "gewicht": "0.00", "wiederholungen": 8, "ist_aufwaermsatz": false, "rpe": null, "notiz": null, "superset_gruppe": 0}}, {"model": "core.satz", "pk": 228, "fields": {"einheit": 25, "uebung": 10, "satz_nr": 3, "gewicht": "0.00", "wiederholungen": 8, "ist_aufwaermsatz": false, "rpe": null, "notiz": null, "superset_gruppe": 0}}, {"model": "core.satz", "pk": 229, "fields": {"einheit": 25, "uebung": 55, "satz_nr": 1, "gewicht": "0.00", "wiederholungen": 8, "ist_aufwaermsatz": false, "rpe": null, "notiz": null, "superset_gruppe": 0}}, {"model": "core.satz", "pk": 230, "fields": {"einheit": 25, "uebung": 55, "satz_nr": 2, "gewicht": "0.00", "wiederholungen": 8, "ist_aufwaermsatz": false, "rpe": null, "notiz": null, "superset_gruppe": 0}}, {"model": "core.satz", "pk": 231, "fields": {"einheit": 25, "uebung": 55, "satz_nr": 3, "gewicht": "0.00", "wiederholungen": 8, "ist_aufwaermsatz": false, "rpe": null, "notiz": null, "superset_gruppe": 0}}, {"model": "core.satz", "pk": 232, "fields": {"einheit": 25, "uebung": 69, "satz_nr": 1, "gewicht": "0.00", "wiederholungen": 8, "ist_aufwaermsatz": false, "rpe": null, "notiz": null, "superset_gruppe": 0}}, {"model": "core.satz", "pk": 233, "fields": {"einheit": 25, "uebung": 69, "satz_nr": 2, "gewicht": "0.00", "wiederholungen": 8, "ist_aufwaermsatz": false, "rpe": null, "notiz": null, "superset_gruppe": 0}}, {"model": "core.satz", "pk": 234, "fields": {"einheit": 25, "uebung": 69, "satz_nr": 3, "gewicht": "0.00", "wiederholungen": 8, "ist_aufwaermsatz": false, "rpe": null, "notiz": null, "superset_gruppe": 0}}, {"model": "core.satz", "pk": 235, "fields": {"einheit": 25, "uebung": 100, "satz_nr": 1, "gewicht": "0.00", "wiederholungen": 8, "ist_aufwaermsatz": false, "rpe": null, "notiz": null, "superset_gruppe": 0}}, {"model": "core.satz", "pk": 236, "fields": {"einheit": 25, "uebung": 100, "satz_nr": 2, "gewicht": "0.00", "wiederholungen": 8, "ist_aufwaermsatz": false, "rpe": null, "notiz": null, "superset_gruppe": 0}}, {"model": "core.satz", "pk": 237, "fields": {"einheit": 25, "uebung": 100, "satz_nr": 3, "gewicht": "0.00", "wiederholungen": 8, "ist_aufwaermsatz": false, "rpe": null, "notiz": null, "superset_gruppe": 0}}, {"model": "core.satz", "pk": 238, "fields": {"einheit": 26, "uebung": 2, "satz_nr": 1, "gewicht": "35.00", "wiederholungen": 10, "ist_aufwaermsatz": false, "rpe": "8.0", "notiz": null, "superset_gruppe": 0}}, {"model": "core.satz", "pk": 239, "fields": {"einheit": 26, "uebung": 2, "satz_nr": 2, "gewicht": "35.00", "wiederholungen": 10, "ist_aufwaermsatz": false, "rpe": "8.0", "notiz": null, "superset_gruppe": 0}}, {"model": "core.satz", "pk": 240, "fields": {"einheit": 26, "uebung": 2, "satz_nr": 3, "gewicht": "35.00", "wiederholungen": 10, "ist_aufwaermsatz": false, "rpe": "8.0", "notiz": null, "superset_gruppe": 0}}, {"model": "core.satz", "pk": 241, "fields": {"einheit": 26, "uebung": 2, "satz_nr": 4, "gewicht": "35.00", "wiederholungen": 10, "ist_aufwaermsatz": false, "rpe": "9.0", "notiz": null, "superset_gruppe": 0}}, {"model": "core.satz", "pk": 242, "fields": {"einheit": 26, "uebung": 5, "satz_nr": 1, "gewicht": "20.00", "wiederholungen": 12, "ist_aufwaermsatz": false, "rpe": "9.0", "notiz": null, "superset_gruppe": 0}}, {"model": "core.satz", "pk": 243, "fields": {"einheit": 26, "uebung": 5, "satz_nr": 2, "gewicht": "20.00", "wiederholungen": 12, "ist_aufwaermsatz": false, "rpe": "10.0", "notiz": null, "superset_gruppe": 0}}, {"model": "core.satz", "pk": 244, "fields": {"einheit": 26, "uebung": 5, "satz_nr": 3, "gewicht": "20.00", "wiederholungen": 8, "ist_aufwaermsatz": false, "rpe": "10.0", "notiz": null, "superset_gruppe": 0}}, {"model": "core.satz", "pk": 245, "fields": {"einheit": 26, "uebung": 11, "satz_nr": 1, "gewicht": "10.00", "wiederholungen": 15, "ist_aufwaermsatz": false, "rpe": "9.0", "notiz": null, "superset_gruppe": 0}}, {"model": "core.satz", "pk": 246, "fields": {"einheit": 26, "uebung": 11, "satz_nr": 2, "gewicht": "10.00", "wiederholungen": 15, "ist_aufwaermsatz": false, "rpe": "9.0", "notiz": null, "superset_gruppe": 0}}, {"model": "core.satz", "pk": 247, "fields": {"einheit": 26, "uebung": 11, "satz_nr": 3, "gewicht": "10.00", "wiederholungen": 15, "ist_aufwaermsatz": false, "rpe": "10.0", "notiz": null, "superset_gruppe": 0}}, {"model": "core.satz", "pk": 248, "fields": {"einheit": 26, "uebung": 76, "satz_nr": 1, "gewicht": "5.00", "wiederholungen": 12, "ist_aufwaermsatz": false, "rpe": "8.0", "notiz": null, "superset_gruppe": 0}}, {"model": "core.satz", "pk": 249, "fields": {"einheit": 26, "uebung": 76, "satz_nr": 2, "gewicht": "5.00", "wiederholungen": 12, "ist_aufwaermsatz": false, "rpe": "9.0", "notiz": null, "superset_gruppe": 0}}, {"model": "core.satz", "pk": 250, "fields": {"einheit": 26, "uebung": 76, "satz_nr": 3, "gewicht": "5.00", "wiederholungen": 12, "ist_aufwaermsatz": false, "rpe": "9.0", "notiz": null, "superset_gruppe": 0}}, {"model": "core.satz", "pk": 251, "fields": {"einheit": 26, "uebung": 12, "satz_nr": 1, "gewicht": "0.00", "wiederholungen": 12, "ist_aufwaermsatz": false, "rpe": "9.0", "notiz": null, "superset_gruppe": 0}}, {"model": "core.satz", "pk": 252, "fields": {"einheit": 26, "uebung": 12, "satz_nr": 2, "gewicht": "0.00", "wiederholungen": 12, "ist_aufwaermsatz": false, "rpe": "9.0", "notiz": null, "superset_gruppe": 0}}, {"model": "core.satz", "pk": 253, "fields": {"einheit": 26, "uebung": 12, "satz_nr": 3, "gewicht": "0.00", "wiederholungen": 12, "ist_aufwaermsatz": false, "rpe": "9.0", "notiz": null, "superset_gruppe": 0}}, {"model": "core.satz", "pk": 254, "fields": {"einheit": 26, "uebung": 74, "satz_nr": 1, "gewicht": "10.00", "wiederholungen": 12, "ist_aufwaermsatz": false, "rpe": "9.0", "notiz": null, "superset_gruppe": 0}}, {"model": "core.satz", "pk": 255, "fields": {"einheit": 26, "uebung": 74, "satz_nr": 2, "gewicht": "10.00", "wiederholungen": 12, "ist_aufwaermsatz": false, "rpe": "9.0", "notiz": null, "superset_gruppe": 0}}, {"model": "core.satz", "pk": 256, "fields": {"einheit": 27, "uebung": 21, "satz_nr": 1, "gewicht": "41.00", "wiederholungen": 10, "ist_aufwaermsatz": false, "rpe": "8.0", "notiz": null, "superset_gruppe": 0}}, {"model": "core.satz", "pk": 257, "fields": {"einheit": 27, "uebung": 21, "satz_nr": 2, "gewicht": "41.00", "wiederholungen": 10, "ist_aufwaermsatz": false, "rpe": "8.0", "notiz": null, "superset_gruppe": 0}}, {"model": "core.satz", "pk": 258, "fields": {"einheit": 27, "uebung": 21, "satz_nr": 3, "gewicht": "41.00", "wiederholungen": 10, "ist_aufwaermsatz": false, "rpe": "9.0", "notiz": null, "superset_gruppe": 0}}, {"model": "core.satz", "pk": 259, "fields": {"einheit": 27, "uebung": 21, "satz_nr": 4, "gewicht": "41.00", "wiederholungen": 10, "ist_aufwaermsatz": false, "rpe": "9.0", "notiz": null, "superset_gruppe": 0}}, {"model": "core.satz", "pk": 260, "fields": {"einheit": 27, "uebung": 15, "satz_nr": 1, "gewicht": "31.00", "wiederholungen": 12, "ist_aufwaermsatz": false, "rpe": "8.0", "notiz": null, "superset_gruppe": 0}}, {"model": "core.satz", "pk": 261, "fields": {"einheit": 27, "uebung": 15, "satz_nr": 2, "gewicht": "31.00", "wiederholungen": 12, "ist_aufwaermsatz": false, "rpe": "9.0", "notiz": null, "superset_gruppe": 0}}, {"model": "core.satz", "pk": 262, "fields": {"einheit": 27, "uebung": 15, "satz_nr": 3, "gewicht": "31.00", "wiederholungen": 10, "ist_aufwaermsatz": false, "rpe": "10.0", "notiz": null, "superset_gruppe": 0}}, {"model": "core.satz", "pk": 263, "fields": {"einheit": 27, "uebung": 55, "satz_nr": 1, "gewicht": "12.50", "wiederholungen": 12, "ist_aufwaermsatz": false, "rpe": "10.0", "notiz": null, "superset_gruppe": 0}}, {"model": "core.satz", "pk": 264, "fields": {"einheit": 27, "uebung": 55, "satz_nr": 2, "gewicht": "12.50", "wiederholungen": 8, "ist_aufwaermsatz": false, "rpe": "10.0", "notiz": null, "superset_gruppe": 0}}, {"model": "core.satz", "pk": 265, "fields": {"einheit": 27, "uebung": 55, "satz_nr": 3, "gewicht": "12.50", "wiederholungen": 7, "ist_aufwaermsatz": false, "rpe": "10.0", "notiz": null, "superset_gruppe": 0}}, {"model": "core.satz", "pk": 266, "fields": {"einheit": 27, "uebung": 67, "satz_nr": 1, "gewicht": "15.00", "wiederholungen": 12, "ist_aufwaermsatz": false, "rpe": "9.0", "notiz": null, "superset_gruppe": 0}}, {"model": "core.satz", "pk": 267, "fields": {"einheit": 27, "uebung": 67, "satz_nr": 2, "gewicht": "15.00", "wiederholungen": 12, "ist_aufwaermsatz": false, "rpe": "10.0", "notiz": null, "superset_gruppe": 0}}, {"model": "core.satz", "pk": 268, "fields": {"einheit": 27, "uebung": 67, "satz_nr": 3, "gewicht": "15.00", "wiederholungen": 10, "ist_aufwaermsatz": false, "rpe": "10.0", "notiz": null, "superset_gruppe": 0}}, {"model": "core.satz", "pk": 269, "fields": {"einheit": 27, "uebung": 37, "satz_nr": 1, "gewicht": "7.50", "wiederholungen": 15, "ist_aufwaermsatz": false, "rpe": "9.0", "notiz": null, "superset_gruppe": 0}}, {"model": "core.satz", "pk": 270, "fields": {"einheit": 27, "uebung": 37, "satz_nr": 2, "gewicht": "7.50", "wiederholungen": 15, "ist_aufwaermsatz": false, "rpe": "10.0", "notiz": null, "superset_gruppe": 0}}, {"model": "core.satz", "pk": 271, "fields": {"einheit": 27, "uebung": 101, "satz_nr": 1, "gewicht": "0.00", "wiederholungen": 12, "ist_aufwaermsatz": false, "rpe": "8.0", "notiz": null, "superset_gruppe": 0}}, {"model": "core.satz", "pk": 272, "fields": {"einheit": 27, "uebung": 101, "satz_nr": 2, "gewicht": "0.00", "wiederholungen": 12, "ist_aufwaermsatz": false, "rpe": "9.0", "notiz": null, "superset_gruppe": 0}}, {"model": "core.satz", "pk": 273, "fields": {"einheit": 28, "uebung": 23, "satz_nr": 1, "gewicht": "11.00", "wiederholungen": 10, "ist_aufwaermsatz": false, "rpe": "7.0", "notiz": null, "superset_gruppe": 0}}, {"model": "core.satz", "pk": 274, "fields": {"einheit": 28, "uebung": 23, "satz_nr": 2, "gewicht": "11.00", "wiederholungen": 10, "ist_aufwaermsatz": false, "rpe": "7.0", "notiz": null, "superset_gruppe": 0}}, {"model": "core.satz", "pk": 275, "fields": {"einheit": 28, "uebung": 23, "satz_nr": 3, "gewicht": "11.00", "wiederholungen": 10, "ist_aufwaermsatz": false, "rpe": "8.0", "notiz": null, "superset_gruppe": 0}}, {"model": "core.satz", "pk": 276, "fields": {"einheit": 28, "uebung": 23, "satz_nr": 4, "gewicht": "11.00", "wiederholungen": 10, "ist_aufwaermsatz": false, "rpe": "8.0", "notiz": null, "superset_gruppe": 0}}, {"model": "core.satz", "pk": 277, "fields": {"einheit": 28, "uebung": 21, "satz_nr": 1, "gewicht": "46.00", "wiederholungen": 10, "ist_aufwaermsatz": false, "rpe": "9.0", "notiz": null, "superset_gruppe": 0}}, {"model": "core.satz", "pk": 278, "fields": {"einheit": 28, "uebung": 21, "satz_nr": 2, "gewicht": "46.00", "wiederholungen": 12, "ist_aufwaermsatz": false, "rpe": "10.0", "notiz": null, "superset_gruppe": 0}}, {"model": "core.satz", "pk": 279, "fields": {"einheit": 28, "uebung": 21, "satz_nr": 3, "gewicht": "46.00", "wiederholungen": 12, "ist_aufwaermsatz": false, "rpe": "10.0", "notiz": null, "superset_gruppe": 0}}, {"model": "core.satz", "pk": 280, "fields": {"einheit": 28, "uebung": 80, "satz_nr": 1, "gewicht": "15.00", "wiederholungen": 15, "ist_aufwaermsatz": false, "rpe": "8.0", "notiz": null, "superset_gruppe": 0}}, {"model": "core.satz", "pk": 281, "fields": {"einheit": 28, "uebung": 80, "satz_nr": 2, "gewicht": "15.00", "wiederholungen": 15, "ist_aufwaermsatz": false, "rpe": "8.0", "notiz": null, "superset_gruppe": 0}}, {"model": "core.satz", "pk": 282, "fields": {"einheit": 28, "uebung": 80, "satz_nr": 3, "gewicht": "15.00", "wiederholungen": 15, "ist_aufwaermsatz": false, "rpe": "8.0", "notiz": null, "superset_gruppe": 0}}, {"model": "core.satz", "pk": 283, "fields": {"einheit": 28, "uebung": 88, "satz_nr": 1, "gewicht": "7.50", "wiederholungen": 12, "ist_aufwaermsatz": false, "rpe": "8.0", "notiz": null, "superset_gruppe": 0}}, {"model": "core.satz", "pk": 284, "fields": {"einheit": 28, "uebung": 88, "satz_nr": 2, "gewicht": "7.50", "wiederholungen": 12, "ist_aufwaermsatz": false, "rpe": "9.0", "notiz": null, "superset_gruppe": 0}}, {"model": "core.satz", "pk": 285, "fields": {"einheit": 28, "uebung": 88, "satz_nr": 3, "gewicht": "7.50", "wiederholungen": 12, "ist_aufwaermsatz": false, "rpe": "9.0", "notiz": null, "superset_gruppe": 0}}, {"model": "core.satz", "pk": 286, "fields": {"einheit": 28, "uebung": 95, "satz_nr": 1, "gewicht": "0.00", "wiederholungen": 15, "ist_aufwaermsatz": false, "rpe": "8.0", "notiz": null, "superset_gruppe": 0}}, {"model": "core.satz", "pk": 287, "fields": {"einheit": 28, "uebung": 95, "satz_nr": 2, "gewicht": "0.00", "wiederholungen": 15, "ist_aufwaermsatz": false, "rpe": "8.0", "notiz": null, "superset_gruppe": 0}}, {"model": "core.satz", "pk": 288, "fields": {"einheit": 28, "uebung": 62, "satz_nr": 1, "gewicht": "0.00", "wiederholungen": 15, "ist_aufwaermsatz": false, "rpe": "8.0", "notiz": null, "superset_gruppe": 0}}, {"model": "core.satz", "pk": 289, "fields": {"einheit": 28, "uebung": 62, "satz_nr": 2, "gewicht": "0.00", "wiederholungen": 15, "ist_aufwaermsatz": false, "rpe": "8.0", "notiz": null, "superset_gruppe": 0}}, {"model": "core.satz", "pk": 290, "fields": {"einheit": 29, "uebung": 2, "satz_nr": 1, "gewicht": "41.00", "wiederholungen": 10, "ist_aufwaermsatz": false, "rpe": "9.0", "notiz": null, "superset_gruppe": 0}}, {"model": "core.satz", "pk": 291, "fields": {"einheit": 29, "uebung": 2, "satz_nr": 2, "gewicht": "41.00", "wiederholungen": 8, "ist_aufwaermsatz": false, "rpe": "10.0", "notiz": null, "superset_gruppe": 0}}, {"model": "core.satz", "pk": 292, "fields": {"einheit": 29, "uebung": 2, "satz_nr": 3, "gewicht": "41.00", "wiederholungen": 8, "ist_aufwaermsatz": false, "rpe": "10.0", "notiz": null, "superset_gruppe": 0}}, {"model": "core.satz", "pk": 293, "fields": {"einheit": 29, "uebung": 2, "satz_nr": 4, "gewicht": "41.00", "wiederholungen": 6, "ist_aufwaermsatz": false, "rpe": "10.0", "notiz": null, "superset_gruppe": 0}}, {"model": "core.satz", "pk": 294, "fields": {"einheit": 29, "uebung": 5, "satz_nr": 1, "gewicht": "21.00", "wiederholungen": 12, "ist_aufwaermsatz": false, "rpe": "9.0", "notiz": null, "superset_gruppe": 0}}, {"model": "core.satz", "pk": 295, "fields": {"einheit": 29, "uebung": 5, "satz_nr": 2, "gewicht": "21.00", "wiederholungen": 9, "ist_aufwaermsatz": false, "rpe": "10.0", "notiz": null, "superset_gruppe": 0}}, {"model": "core.satz", "pk": 296, "fields": {"einheit": 29, "uebung": 5, "satz_nr": 3, "gewicht": "21.00", "wiederholungen": 8, "ist_aufwaermsatz": false, "rpe": "10.0", "notiz": null, "superset_gruppe": 0}}, {"model": "core.satz", "pk": 297, "fields": {"einheit": 29, "uebung": 11, "satz_nr": 1, "gewicht": "10.00", "wiederholungen": 15, "ist_aufwaermsatz": false, "rpe": "8.0", "notiz": null, "superset_gruppe": 0}}, {"model": "core.satz", "pk": 298, "fields": {"einheit": 29, "uebung": 11, "satz_nr": 2, "gewicht": "10.00", "wiederholungen": 15, "ist_aufwaermsatz": false, "rpe": "8.0", "notiz": null, "superset_gruppe": 0}}, {"model": "core.satz", "pk": 299, "fields": {"einheit": 29, "uebung": 11, "satz_nr": 3, "gewicht": "10.00", "wiederholungen": 15, "ist_aufwaermsatz": false, "rpe": "9.0", "notiz": null, "superset_gruppe": 0}}, {"model": "core.satz", "pk": 300, "fields": {"einheit": 29, "uebung": 76, "satz_nr": 1, "gewicht": "5.00", "wiederholungen": 12, "ist_aufwaermsatz": false, "rpe": "8.0", "notiz": null, "superset_gruppe": 0}}, {"model": "core.satz", "pk": 301, "fields": {"einheit": 29, "uebung": 76, "satz_nr": 2, "gewicht": "5.00", "wiederholungen": 12, "ist_aufwaermsatz": false, "rpe": "8.0", "notiz": null, "superset_gruppe": 0}}, {"model": "core.satz", "pk": 302, "fields": {"einheit": 29, "uebung": 76, "satz_nr": 3, "gewicht": "5.00", "wiederholungen": 12, "ist_aufwaermsatz": false, "rpe": "9.0", "notiz": null, "superset_gruppe": 0}}, {"model": "core.satz", "pk": 303, "fields": {"einheit": 29, "uebung": 12, "satz_nr": 1, "gewicht": "0.00", "wiederholungen": 12, "ist_aufwaermsatz": false, "rpe": "8.0", "notiz": null, "superset_gruppe": 0}}, {"model": "core.satz", "pk": 304, "fields": {"einheit": 29, "uebung": 12, "satz_nr": 2, "gewicht": "0.00", "wiederholungen": 12, "ist_aufwaermsatz": false, "rpe": "8.0", "notiz": null, "superset_gruppe": 0}}, {"model": "core.satz", "pk": 305, "fields": {"einheit": 29, "uebung": 12, "satz_nr": 3, "gewicht": "0.00", "wiederholungen": 12, "ist_aufwaermsatz": false, "rpe": "9.0", "notiz": null, "superset_gruppe": 0}}, {"model": "core.satz", "pk": 306, "fields": {"einheit": 29, "uebung": 74, "satz_nr": 1, "gewicht": "10.00", "wiederholungen": 12, "ist_aufwaermsatz": false, "rpe": "9.0", "notiz": null, "superset_gruppe": 0}}, {"model": "core.satz", "pk": 307, "fields": {"einheit": 29, "uebung": 74, "satz_nr": 2, "gewicht": "10.00", "wiederholungen": 12, "ist_aufwaermsatz": false, "rpe": "10.0", "notiz": null, "superset_gruppe": 0}}, {"model": "core.satz", "pk": 344, "fields": {"einheit": 32, "uebung": 21, "satz_nr": 1, "gewicht": "46.00", "wiederholungen": 10, "ist_aufwaermsatz": false, "rpe": "8.0", "notiz": null, "superset_gruppe": 0}}, {"model": "core.satz", "pk": 345, "fields": {"einheit": 32, "uebung": 21, "satz_nr": 2, "gewicht": "46.00", "wiederholungen": 10, "ist_aufwaermsatz": false, "rpe": "8.0", "notiz": null, "superset_gruppe": 0}}, {"model": "core.satz", "pk": 346, "fields": {"einheit": 32, "uebung": 21, "satz_nr": 3, "gewicht": "46.00", "wiederholungen": 10, "ist_aufwaermsatz": false, "rpe": "8.0", "notiz": null, "superset_gruppe": 0}}, {"model": "core.satz", "pk": 347, "fields": {"einheit": 32, "uebung": 21, "satz_nr": 4, "gewicht": "46.00", "wiederholungen": 10, "ist_aufwaermsatz": false, "rpe": "8.0", "notiz": null, "superset_gruppe": 0}}, {"model": "core.satz", "pk": 348, "fields": {"einheit": 32, "uebung": 15, "satz_nr": 1, "gewicht": "31.00", "wiederholungen": 12, "ist_aufwaermsatz": false, "rpe": "8.0", "notiz": null, "superset_gruppe": 0}}, {"model": "core.satz", "pk": 349, "fields": {"einheit": 32, "uebung": 15, "satz_nr": 2, "gewicht": "31.00", "wiederholungen": 12, "ist_aufwaermsatz": false, "rpe": "8.0", "notiz": null, "superset_gruppe": 0}}, {"model": "core.satz", "pk": 350, "fields": {"einheit": 32, "uebung": 15, "satz_nr": 3, "gewicht": "31.00", "wiederholungen": 12, "ist_aufwaermsatz": false, "rpe": "8.0", "notiz": null, "superset_gruppe": 0}}, {"model": "core.satz", "pk": 351, "fields": {"einheit": 32, "uebung": 55, "satz_nr": 1, "gewicht": "12.50", "wiederholungen": 15, "ist_aufwaermsatz": false, "rpe": "9.0", "notiz": null, "superset_gruppe": 0}}, {"model": "core.satz", "pk": 352, "fields": {"einheit": 32, "uebung": 55, "satz_nr": 2, "gewicht": "12.50", "wiederholungen": 13, "ist_aufwaermsatz": false, "rpe": "10.0", "notiz": null, "superset_gruppe": 0}}, {"model": "core.satz", "pk": 353, "fields": {"einheit": 32, "uebung": 55, "satz_nr": 3, "gewicht": "12.50", "wiederholungen": 8, "ist_aufwaermsatz": false, "rpe": "10.0", "notiz": null, "superset_gruppe": 0}}, {"model": "core.satz", "pk": 354, "fields": {"einheit": 32, "uebung": 67, "satz_nr": 1, "gewicht": "15.00", "wiederholungen": 12, "ist_aufwaermsatz": false, "rpe": "8.0", "notiz": null, "superset_gruppe": 0}}, {"model": "core.satz", "pk": 355, "fields": {"einheit": 32, "uebung": 67, "satz_nr": 2, "gewicht": "15.00", "wiederholungen": 12, "ist_aufwaermsatz": false, "rpe": "8.0", "notiz": "Ellenbogen am Körper", "superset_gruppe": 0}}, {"model": "core.satz", "pk": 356, "fields": {"einheit": 32, "uebung": 67, "satz_nr": 3, "gewicht": "15.00", "wiederholungen": 12, "ist_aufwaermsatz": false, "rpe": "9.0", "notiz": null, "superset_gruppe": 0}}, {"model": "core.satz", "pk": 357, "fields": {"einheit": 32, "uebung": 37, "satz_nr": 1, "gewicht": "10.00", "wiederholungen": 15, "ist_aufwaermsatz": false, "rpe": "9.0", "notiz": null, "superset_gruppe": 0}}, {"model": "core.satz", "pk": 358, "fields": {"einheit": 32, "uebung": 37, "satz_nr": 2, "gewicht": "7.50", "wiederholungen": 12, "ist_aufwaermsatz": false, "rpe": null, "notiz": null, "superset_gruppe": 0}}, {"model": "core.satz", "pk": 359, "fields": {"einheit": 32, "uebung": 101, "satz_nr": 1, "gewicht": "0.00", "wiederholungen": 12, "ist_aufwaermsatz": false, "rpe": "8.0", "notiz": null, "superset_gruppe": 0}}, {"model": "core.satz", "pk": 360, "fields": {"einheit": 32, "uebung": 101, "satz_nr": 2, "gewicht": "0.00", "wiederholungen": 12, "ist_aufwaermsatz": false, "rpe": "8.0", "notiz": null, "superset_gruppe": 0}}, {"model": "core.satz", "pk": 361, "fields": {"einheit": 33, "uebung": 23, "satz_nr": 1, "gewicht": "13.50", "wiederholungen": 10, "ist_aufwaermsatz": false, "rpe": "7.0", "notiz": null, "superset_gruppe": 0}}, {"model": "core.satz", "pk": 362, "fields": {"einheit": 33, "uebung": 23, "satz_nr": 2, "gewicht": "13.50", "wiederholungen": 10, "ist_aufwaermsatz": false, "rpe": "7.0", "notiz": null, "superset_gruppe": 0}}, {"model": "core.satz", "pk": 363, "fields": {"einheit": 33, "uebung": 23, "satz_nr": 3, "gewicht": "13.50", "wiederholungen": 10, "ist_aufwaermsatz": false, "rpe": "7.0", "notiz": null, "superset_gruppe": 0}}, {"model": "core.satz", "pk": 364, "fields": {"einheit": 33, "uebung": 23, "satz_nr": 4, "gewicht": "11.00", "wiederholungen": 8, "ist_aufwaermsatz": false, "rpe": null, "notiz": null, "superset_gruppe": 0}}, {"model": "core.satz", "pk": 365, "fields": {"einheit": 33, "uebung": 21, "satz_nr": 1, "gewicht": "46.00", "wiederholungen": 12, "ist_aufwaermsatz": false, "rpe": "8.0", "notiz": null, "superset_gruppe": 0}}, {"model": "core.satz", "pk": 366, "fields": {"einheit": 33, "uebung": 21, "satz_nr": 2, "gewicht": "46.00", "wiederholungen": 12, "ist_aufwaermsatz": false, "rpe": "8.0", "notiz": null, "superset_gruppe": 0}}, {"model": "core.satz", "pk": 367, "fields": {"einheit": 33, "uebung": 21, "satz_nr": 3, "gewicht": "46.00", "wiederholungen": 12, "ist_aufwaermsatz": false, "rpe": "8.0", "notiz": null, "superset_gruppe": 0}}, {"model": "core.satz", "pk": 368, "fields": {"einheit": 33, "uebung": 80, "satz_nr": 1, "gewicht": "15.00", "wiederholungen": 15, "ist_aufwaermsatz": false, "rpe": "8.0", "notiz": null, "superset_gruppe": 0}}, {"model": "core.satz", "pk": 369, "fields": {"einheit": 33, "uebung": 80, "satz_nr": 2, "gewicht": "15.00", "wiederholungen": 15, "ist_aufwaermsatz": false, "rpe": "8.0", "notiz": null, "superset_gruppe": 0}}, {"model": "core.satz", "pk": 370, "fields": {"einheit": 33, "uebung": 80, "satz_nr": 3, "gewicht": "15.00", "wiederholungen": 15, "ist_aufwaermsatz": false, "rpe": "8.0", "notiz": null, "superset_gruppe": 0}}, {"model": "core.satz", "pk": 371, "fields": {"einheit": 33, "uebung": 88, "satz_nr": 1, "gewicht": "10.00", "wiederholungen": 12, "ist_aufwaermsatz": false, "rpe": "8.0", "notiz": null, "superset_gruppe": 0}}, {"model": "core.satz", "pk": 372, "fields": {"einheit": 33, "uebung": 88, "satz_nr": 2, "gewicht": "10.00", "wiederholungen": 12, "ist_aufwaermsatz": false, "rpe": "8.0", "notiz": null, "superset_gruppe": 0}}, {"model": "core.satz", "pk": 373, "fields": {"einheit": 33, "uebung": 88, "satz_nr": 3, "gewicht": "10.00", "wiederholungen": 12, "ist_aufwaermsatz": false, "rpe": "8.0", "notiz": null, "superset_gruppe": 0}}, {"model": "core.satz", "pk": 374, "fields": {"einheit": 33, "uebung": 95, "satz_nr": 1, "gewicht": "0.00", "wiederholungen": 15, "ist_aufwaermsatz": false, "rpe": "7.0", "notiz": null, "superset_gruppe": 0}}, {"model": "core.satz", "pk": 375, "fields": {"einheit": 33, "uebung": 95, "satz_nr": 2, "gewicht": "0.00", "wiederholungen": 15, "ist_aufwaermsatz": false, "rpe": "7.0", "notiz": null, "superset_gruppe": 0}}, {"model": "core.satz", "pk": 376, "fields": {"einheit": 33, "uebung": 62, "satz_nr": 1, "gewicht": "5.00", "wiederholungen": 15, "ist_aufwaermsatz": false, "rpe": "8.0", "notiz": null, "superset_gruppe": 0}}, {"model": "core.satz", "pk": 377, "fields": {"einheit": 33, "uebung": 62, "satz_nr": 2, "gewicht": "5.00", "wiederholungen": 15, "ist_aufwaermsatz": false, "rpe": "8.0", "notiz": null, "superset_gruppe": 0}}, {"model": "core.satz", "pk": 396, "fields": {"einheit": 36, "uebung": 2, "satz_nr": 1, "gewicht": "41.00", "wiederholungen": 10, "ist_aufwaermsatz": false, "rpe": "9.0", "notiz": null, "superset_gruppe": 0}}, {"model": "core.satz", "pk": 397, "fields": {"einheit": 36, "uebung": 2, "satz_nr": 2, "gewicht": "41.00", "wiederholungen": 7, "ist_aufwaermsatz": false, "rpe": "10.0", "notiz": null, "superset_gruppe": 0}}, {"model": "core.satz", "pk": 398, "fields": {"einheit": 36, "uebung": 2, "satz_nr": 3, "gewicht": "41.00", "wiederholungen": 8, "ist_aufwaermsatz": false, "rpe": "10.0", "notiz": null, "superset_gruppe": 0}}, {"model": "core.satz", "pk": 399, "fields": {"einheit": 36, "uebung": 2, "satz_nr": 4, "gewicht": "41.00", "wiederholungen": 8, "ist_aufwaermsatz": false, "rpe": "10.0", "notiz": null, "superset_gruppe": 0}}, {"model": "core.satz", "pk": 400, "fields": {"einheit": 36, "uebung": 5, "satz_nr": 1, "gewicht": "21.00", "wiederholungen": 12, "ist_aufwaermsatz": false, "rpe": "8.0", "notiz": null, "superset_gruppe": 0}}, {"model": "core.satz", "pk": 401, "fields": {"einheit": 36, "uebung": 5, "satz_nr": 2, "gewicht": "21.00", "wiederholungen": 12, "ist_aufwaermsatz": false, "rpe": "8.0", "notiz": null, "superset_gruppe": 0}}, {"model": "core.satz", "pk": 402, "fields": {"einheit": 36, "uebung": 5, "satz_nr": 3, "gewicht": "21.00", "wiederholungen": 12, "ist_aufwaermsatz": false, "rpe": "8.0", "notiz": null, "superset_gruppe": 0}}, {"model": "core.satz", "pk": 403, "fields": {"einheit": 36, "uebung": 11, "satz_nr": 1, "gewicht": "12.50", "wiederholungen": 15, "ist_aufwaermsatz": false, "rpe": "8.0", "notiz": null, "superset_gruppe": 0}}, {"model": "core.satz", "pk": 404, "fields": {"einheit": 36, "uebung": 11, "satz_nr": 2, "gewicht": "12.50", "wiederholungen": 14, "ist_aufwaermsatz": false, "rpe": "10.0", "notiz": null, "superset_gruppe": 0}}, {"model": "core.satz", "pk": 405, "fields": {"einheit": 36, "uebung": 11, "satz_nr": 3, "gewicht": "12.50", "wiederholungen": 12, "ist_aufwaermsatz": false, "rpe": "10.0", "notiz": null, "superset_gruppe": 0}}, {"model": "core.satz", "pk": 406, "fields": {"einheit": 36, "uebung": 76, "satz_nr": 1, "gewicht": "5.00", "wiederholungen": 12, "ist_aufwaermsatz": false, "rpe": "8.0", "notiz": null, "superset_gruppe": 0}}, {"model": "core.satz", "pk": 407, "fields": {"einheit": 36, "uebung": 76, "satz_nr": 2, "gewicht": "5.00", "wiederholungen": 12, "ist_aufwaermsatz": false, "rpe": "10.0", "notiz": null, "superset_gruppe": 0}}, {"model": "core.satz", "pk": 408, "fields": {"einheit": 36, "uebung": 76, "satz_nr": 3, "gewicht": "5.00", "wiederholungen": 12, "ist_aufwaermsatz": false, "rpe": "10.0", "notiz": null, "superset_gruppe": 0}}, {"model": "core.satz", "pk": 409, "fields": {"einheit": 36, "uebung": 12, "satz_nr": 1, "gewicht": "0.00", "wiederholungen": 12, "ist_aufwaermsatz": false, "rpe": "8.0", "notiz": null, "superset_gruppe": 0}}, {"model": "core.satz", "pk": 410, "fields": {"einheit": 36, "uebung": 12, "satz_nr": 2, "gewicht": "0.00", "wiederholungen": 12, "ist_aufwaermsatz": false, "rpe": "9.0", "notiz": null, "superset_gruppe": 0}}, {"model": "core.satz", "pk": 411, "fields": {"einheit": 36, "uebung": 12, "satz_nr": 3, "gewicht": "0.00", "wiederholungen": 8, "ist_aufwaermsatz": false, "rpe": "10.0", "notiz": null, "superset_gruppe": 0}}, {"model": "core.satz", "pk": 412, "fields": {"einheit": 36, "uebung": 74, "satz_nr": 1, "gewicht": "10.00", "wiederholungen": 12, "ist_aufwaermsatz": false, "rpe": "9.0", "notiz": null, "superset_gruppe": 0}}, {"model": "core.satz", "pk": 413, "fields": {"einheit": 36, "uebung": 74, "satz_nr": 2, "gewicht": "10.00", "wiederholungen": 12, "ist_aufwaermsatz": false, "rpe": "10.0", "notiz": null, "superset_gruppe": 0}}, {"model": "core.satz", "pk": 428, "fields": {"einheit": 38, "uebung": 21, "satz_nr": 1, "gewicht": "48.50", "wiederholungen": 12, "ist_aufwaermsatz": false, "rpe": "8.0", "notiz": null, "superset_gruppe": 0}}, {"model": "core.satz", "pk": 429, "fields": {"einheit": 38, "uebung": 21, "satz_nr": 2, "gewicht": "48.50", "wiederholungen": 12, "ist_aufwaermsatz": false, "rpe": "8.0", "notiz": null, "superset_gruppe": 0}}, {"model": "core.satz", "pk": 430, "fields": {"einheit": 38, "uebung": 21, "satz_nr": 3, "gewicht": "48.50", "wiederholungen": 10, "ist_aufwaermsatz": false, "rpe": "8.0", "notiz": null, "superset_gruppe": 0}}, {"model": "core.satz", "pk": 431, "fields": {"einheit": 38, "uebung": 21, "satz_nr": 4, "gewicht": "48.50", "wiederholungen": 10, "ist_aufwaermsatz": false, "rpe": "10.0", "notiz": null, "superset_gruppe": 0}}, {"model": "core.satz", "pk": 432, "fields": {"einheit": 38, "uebung": 15, "satz_nr": 1, "gewicht": "31.00", "wiederholungen": 12, "ist_aufwaermsatz": false, "rpe": "9.0", "notiz": null, "superset_gruppe": 0}}, {"model": "core.satz", "pk": 433, "fields": {"einheit": 38, "uebung": 15, "satz_nr": 2, "gewicht": "31.00", "wiederholungen": 10, "ist_aufwaermsatz": false, "rpe": "8.0", "notiz": null, "superset_gruppe": 0}}, {"model": "core.satz", "pk": 434, "fields": {"einheit": 38, "uebung": 15, "satz_nr": 3, "gewicht": "31.00", "wiederholungen": 10, "ist_aufwaermsatz": false, "rpe": "10.0", "notiz": null, "superset_gruppe": 0}}, {"model": "core.satz", "pk": 435, "fields": {"einheit": 38, "uebung": 55, "satz_nr": 1, "gewicht": "12.50", "wiederholungen": 15, "ist_aufwaermsatz": false, "rpe": "8.0", "notiz": null, "superset_gruppe": 0}}, {"model": "core.satz", "pk": 436, "fields": {"einheit": 38, "uebung": 55, "satz_nr": 2, "gewicht": "12.50", "wiederholungen": 15, "ist_aufwaermsatz": false, "rpe": "8.0", "notiz": null, "superset_gruppe": 0}}, {"model": "core.satz", "pk": 437, "fields": {"einheit": 38, "uebung": 55, "satz_nr": 3, "gewicht": "12.50", "wiederholungen": 15, "ist_aufwaermsatz": false, "rpe": "9.0", "notiz": null, "superset_gruppe": 0}}, {"model": "core.satz", "pk": 438, "fields": {"einheit": 38, "uebung": 67, "satz_nr": 1, "gewicht": "15.00", "wiederholungen": 12, "ist_aufwaermsatz": false, "rpe": "8.0", "notiz": null, "superset_gruppe": 0}}, {"model": "core.satz", "pk": 439, "fields": {"einheit": 38, "uebung": 67, "satz_nr": 2, "gewicht": "15.00", "wiederholungen": 12, "ist_aufwaermsatz": false, "rpe": "8.0", "notiz": null, "superset_gruppe": 0}}, {"model": "core.satz", "pk": 440, "fields": {"einheit": 38, "uebung": 67, "satz_nr": 3, "gewicht": "15.00", "wiederholungen": 12, "ist_aufwaermsatz": false, "rpe": "9.0", "notiz": null, "superset_gruppe": 0}}, {"model": "core.satz", "pk": 441, "fields": {"einheit": 38, "uebung": 37, "satz_nr": 1, "gewicht": "7.50", "wiederholungen": 15, "ist_aufwaermsatz": false, "rpe": "8.0", "notiz": null, "superset_gruppe": 0}}, {"model": "core.satz", "pk": 442, "fields": {"einheit": 38, "uebung": 37, "satz_nr": 2, "gewicht": "7.50", "wiederholungen": 15, "ist_aufwaermsatz": false, "rpe": "9.0", "notiz": null, "superset_gruppe": 0}}, {"model": "core.satz", "pk": 443, "fields": {"einheit": 38, "uebung": 101, "satz_nr": 1, "gewicht": "0.00", "wiederholungen": 12, "ist_aufwaermsatz": false, "rpe": "8.0", "notiz": null, "superset_gruppe": 0}}, {"model": "core.satz", "pk": 444, "fields": {"einheit": 38, "uebung": 101, "satz_nr": 2, "gewicht": "0.00", "wiederholungen": 12, "ist_aufwaermsatz": false, "rpe": "9.0", "notiz": null, "superset_gruppe": 0}}, {"model": "core.satz", "pk": 445, "fields": {"einheit": 39, "uebung": 23, "satz_nr": 1, "gewicht": "11.00", "wiederholungen": 10, "ist_aufwaermsatz": false, "rpe": "8.0", "notiz": "👍 Gut", "superset_gruppe": 0}}, {"model": "core.satz", "pk": 446, "fields": {"einheit": 39, "uebung": 23, "satz_nr": 2, "gewicht": "11.00", "wiederholungen": 10, "ist_aufwaermsatz": false, "rpe": "8.0", "notiz": "👍 Gut", "superset_gruppe": 0}}, {"model": "core.satz", "pk": 447, "fields": {"einheit": 39, "uebung": 23, "satz_nr": 3, "gewicht": "11.00", "wiederholungen": 10, "ist_aufwaermsatz": false, "rpe": "8.0", "notiz": null, "superset_gruppe": 0}}, {"model": "core.satz", "pk": 448, "fields": {"einheit": 39, "uebung": 23, "satz_nr": 4, "gewicht": "11.00", "wiederholungen": 10, "ist_aufwaermsatz": false, "rpe": "8.0", "notiz": "👍 Gut", "superset_gruppe": 0}}, {"model": "core.satz", "pk": 449, "fields": {"einheit": 39, "uebung": 21, "satz_nr": 1, "gewicht": "48.50", "wiederholungen": 12, "ist_aufwaermsatz": false, "rpe": "9.0", "notiz": "⚠️ Schwierig", "superset_gruppe": 0}}, {"model": "core.satz", "pk": 450, "fields": {"einheit": 39, "uebung": 21, "satz_nr": 2, "gewicht": "48.50", "wiederholungen": 12, "ist_aufwaermsatz": false, "rpe": "9.0", "notiz": null, "superset_gruppe": 0}}, {"model": "core.satz", "pk": 451, "fields": {"einheit": 39, "uebung": 21, "satz_nr": 3, "gewicht": "48.50", "wiederholungen": 12, "ist_aufwaermsatz": false, "rpe": "9.0", "notiz": null, "superset_gruppe": 0}}, {"model": "core.satz", "pk": 452, "fields": {"einheit": 39, "uebung": 80, "satz_nr": 1, "gewicht": "17.50", "wiederholungen": 15, "ist_aufwaermsatz": false, "rpe": "8.0", "notiz": "👍 Gut", "superset_gruppe": 0}}, {"model": "core.satz", "pk": 453, "fields": {"einheit": 39, "uebung": 80, "satz_nr": 2, "gewicht": "17.50", "wiederholungen": 15, "ist_aufwaermsatz": false, "rpe": "8.0", "notiz": null, "superset_gruppe": 0}}, {"model": "core.satz", "pk": 454, "fields": {"einheit": 39, "uebung": 80, "satz_nr": 3, "gewicht": "17.50", "wiederholungen": 12, "ist_aufwaermsatz": false, "rpe": null, "notiz": null, "superset_gruppe": 0}}, {"model": "core.satz", "pk": 455, "fields": {"einheit": 39, "uebung": 88, "satz_nr": 1, "gewicht": "12.50", "wiederholungen": 12, "ist_aufwaermsatz": false, "rpe": "8.0", "notiz": null, "superset_gruppe": 0}}, {"model": "core.satz", "pk": 456, "fields": {"einheit": 39, "uebung": 88, "satz_nr": 2, "gewicht": "12.50", "wiederholungen": 12, "ist_aufwaermsatz": false, "rpe": "8.0", "notiz": "👍 Gut", "superset_gruppe": 0}}, {"model": "core.satz", "pk": 457, "fields": {"einheit": 39, "uebung": 88, "satz_nr": 3, "gewicht": "12.50", "wiederholungen": 12, "ist_aufwaermsatz": false, "rpe": "8.0", "notiz": null, "superset_gruppe": 0}}, {"model": "core.satz", "pk": 458, "fields": {"einheit": 39, "uebung": 95, "satz_nr": 1, "gewicht": "0.00", "wiederholungen": 15, "ist_aufwaermsatz": false, "rpe": "8.0", "notiz": null, "superset_gruppe": 0}}, {"model": "core.satz", "pk": 459, "fields": {"einheit": 39, "uebung": 95, "satz_nr": 2, "gewicht": "0.00", "wiederholungen": 15, "ist_aufwaermsatz": false, "rpe": "8.0", "notiz": null, "superset_gruppe": 0}}, {"model": "core.satz", "pk": 460, "fields": {"einheit": 39, "uebung": 62, "satz_nr": 1, "gewicht": "12.50", "wiederholungen": 15, "ist_aufwaermsatz": false, "rpe": "8.0", "notiz": null, "superset_gruppe": 0}}, {"model": "core.satz", "pk": 461, "fields": {"einheit": 39, "uebung": 62, "satz_nr": 2, "gewicht": "12.50", "wiederholungen": 15, "ist_aufwaermsatz": false, "rpe": "8.0", "notiz": null, "superset_gruppe": 0}}, {"model": "core.cardioeinheit", "pk": 1, "fields": {"user": 2, "datum": "2026-02-01", "aktivitaet": "SCHWIMMEN", "dauer_minuten": 60, "intensitaet": "LEICHT", "notiz": "Brustschwimmen", "erstellt_am": "2026-02-03T20:26:26.610Z"}}, {"model": "core.plan", "pk": 3, "fields": {"user": 2, "name": "Training A", "beschreibung": "Drücken + Rudern + Hinge", "is_public": false, "erstellt_am": "2026-01-03T19:20:06.212Z", "gruppe_id": null, "gruppe_name": "", "gruppe_reihenfolge": 0, "shared_with": []}}, {"model": "core.plan", "pk": 4, "fields": {"user": 2, "name": "Training B", "beschreibung": "Beine + Schulterdrücken + Rücken", "is_public": false, "erstellt_am": "2026-01-03T20:39:59.383Z", "gruppe_id": null, "gruppe_name": "", "gruppe_reihenfolge": 0, "shared_with": []}}, {"model": "core.plan", "pk": 19, "fields": {"user": 2, "name": "3er-Split: Push/Pull/Legs - Woche 1-4 - Push (Brust/Schultern/Trizeps)", "beschreibung": "Trainingsplan zur Verbesserung der Muskulatur mit Fokus auf untertrainierte Bereiche und Push/Pull Balance\r\n\r\nTrainingstag 1: Push (Brust/Schultern/Trizeps)", "is_public": false, "erstellt_am": "2026-01-10T09:40:59.529Z", "gruppe_id": "a417e679-2bfd-4769-8e4b-a44f983f33ea", "gruppe_name": "Aktueller Plan", "gruppe_reihenfolge": 0, "shared_with": []}}, {"model": "core.plan", "pk": 20, "fields": {"user": 2, "name": "3er-Split: Push/Pull/Legs - Woche 1-4 - Pull (Rücken/Latissimus/Bizeps)", "beschreibung": "Trainingsplan zur Verbesserung der Muskulatur mit Fokus auf untertrainierte Bereiche und Push/Pull Balance\r\n\r\nTrainingstag 2: Pull (Rücken/Latissimus/Bizeps)", "is_public": false, "erstellt_am": "2026-01-10T09:40:59.972Z", "gruppe_id": "a417e679-2bfd-4769-8e4b-a44f983f33ea", "gruppe_name": "Aktueller Plan", "gruppe_reihenfolge": 1, "shared_with": []}}, {"model": "core.plan", "pk": 21, "fields": {"user": 2, "name": "3er-Split: Push/Pull/Legs - Woche 1-4 - Legs (Quadrizeps/Hamstrings/Waden)", "beschreibung": "Trainingsplan zur Verbesserung der Muskulatur mit Fokus auf untertrainierte Bereiche und Push/Pull Balance\n\nTrainingstag 3: Legs (Quadrizeps/Hamstrings/Waden)", "is_public": false, "erstellt_am": "2026-01-10T09:41:00.409Z", "gruppe_id": "a417e679-2bfd-4769-8e4b-a44f983f33ea", "gruppe_name": "Aktueller Plan", "gruppe_reihenfolge": 2, "shared_with": []}}, {"model": "core.plan", "pk": 49, "fields": {"user": 3, "name": "Ganzkörper Anfänger", "beschreibung": "", "is_public": false, "erstellt_am": "2026-01-14T20:06:03.924Z", "gruppe_id": null, "gruppe_name": "", "gruppe_reihenfolge": 0, "shared_with": []}}, {"model": "core.plan", "pk": 75, "fields": {"user": 2, "name": "3er-Split: Push/Pull/Legs - Woche 1-4 - Push", "beschreibung": "Ein 3er-Split-Trainingsplan, um die Muskulatur zu stärken und das Volumen zu erhöhen\n\nTrainingstag 1: Push\n\nPeriodisierung / Makrozyklus\nPLAN-UEBERSICHT: 12-Wochen-Plan\nLinearer Aufbau fuer Muskelaufbau\n\n\nZIEL PRO SATZ: 6-12 Wiederholungen bei RPE 7-8.5\n\n\nPROGRESSION (Wochen 1-3, 5-7, 9-11):\n   - Steigere das Gewicht, wenn du >12 Wdh schaffst\n   - Fuege +1 Satz bei Hauptuebungen hinzu (z.B. von 3 auf 4 Saetze)\n   - Ziel: RPE bleibt bei 7-8.5 (noch 1-2 Wdh Reserve)\n\n\nDELOAD-WOCHEN (4, 8, 12):\n   - Reduziere das Volumen auf 80% (z.B. 4 Saetze -> 3 Saetze)\n   - Senke das Gewicht leicht (~10%), RPE sollte bei 6-7 liegen\n   - Fokus auf Technik und Regeneration\n\n\nBEISPIEL-WOCHENPLAN:\n   - Woche 1: Volumenaufbau (Volumen x1, Ziel-RPE 7.8)\n   - Woche 4: Deload (weniger Volumen, mehr Erholung)\n   - Woche 5: Volumenaufbau (Volumen x1.1, Ziel-RPE 8.1)\n   - Woche 8: Deload (weniger Volumen, mehr Erholung)", "is_public": false, "erstellt_am": "2026-02-04T22:10:20.599Z", "gruppe_id": "868ca150-7cb7-4abb-ac6f-c1231757eceb", "gruppe_name": "3er-Split: Push/Pull/Legs - Woche 1-4", "gruppe_reihenfolge": 0, "shared_with": []}}, {"model": "core.plan", "pk": 76, "fields": {"user": 2, "name": "3er-Split: Push/Pull/Legs - Woche 1-4 - Pull", "beschreibung": "Ein 3er-Split-Trainingsplan, um die Muskulatur zu stärken und das Volumen zu erhöhen\n\nTrainingstag 2: Pull\n\nPeriodisierung / Makrozyklus\nPLAN-UEBERSICHT: 12-Wochen-Plan\nLinearer Aufbau fuer Muskelaufbau\n\n\nZIEL PRO SATZ: 6-12 Wiederholungen bei RPE 7-8.5\n\n\nPROGRESSION (Wochen 1-3, 5-7, 9-11):\n   - Steigere das Gewicht, wenn du >12 Wdh schaffst\n   - Fuege +1 Satz bei Hauptuebungen hinzu (z.B. von 3 auf 4 Saetze)\n   - Ziel: RPE bleibt bei 7-8.5 (noch 1-2 Wdh Reserve)\n\n\nDELOAD-WOCHEN (4, 8, 12):\n   - Reduziere das Volumen auf 80% (z.B. 4 Saetze -> 3 Saetze)\n   - Senke das Gewicht leicht (~10%), RPE sollte bei 6-7 liegen\n   - Fokus auf Technik und Regeneration\n\n\nBEISPIEL-WOCHENPLAN:\n   - Woche 1: Volumenaufbau (Volumen x1, Ziel-RPE 7.8)\n   - Woche 4: Deload (weniger Volumen, mehr Erholung)\n   - Woche 5: Volumenaufbau (Volumen x1.1, Ziel-RPE 8.1)\n   - Woche 8: Deload (weniger Volumen, mehr Erholung)", "is_public": false, "erstellt_am": "2026-02-04T22:10:20.604Z", "gruppe_id": "868ca150-7cb7-4abb-ac6f-c1231757eceb", "gruppe_name": "3er-Split: Push/Pull/Legs - Woche 1-4", "gruppe_reihenfolge": 1, "shared_with": []}}, {"model": "core.plan", "pk": 77, "fields": {"user": 2, "name": "3er-Split: Push/Pull/Legs - Woche 1-4 - Legs", "beschreibung": "Ein 3er-Split-Trainingsplan, um die Muskulatur zu stärken und das Volumen zu erhöhen\n\nTrainingstag 3: Legs\n\nPeriodisierung / Makrozyklus\nPLAN-UEBERSICHT: 12-Wochen-Plan\nLinearer Aufbau fuer Muskelaufbau\n\n\nZIEL PRO SATZ: 6-12 Wiederholungen bei RPE 7-8.5\n\n\nPROGRESSION (Wochen 1-3, 5-7, 9-11):\n   - Steigere das Gewicht, wenn du >12 Wdh schaffst\n   - Fuege +1 Satz bei Hauptuebungen hinzu (z.B. von 3 auf 4 Saetze)\n   - Ziel: RPE bleibt bei 7-8.5 (noch 1-2 Wdh Reserve)\n\n\nDELOAD-WOCHEN (4, 8, 12):\n   - Reduziere das Volumen auf 80% (z.B. 4 Saetze -> 3 Saetze)\n   - Senke das Gewicht leicht (~10%), RPE sollte bei 6-7 liegen\n   - Fokus auf Technik und Regeneration\n\n\nBEISPIEL-WOCHENPLAN:\n   - Woche 1: Volumenaufbau (Volumen x1, Ziel-RPE 7.8)\n   - Woche 4: Deload (weniger Volumen, mehr Erholung)\n   - Woche 5: Volumenaufbau (Volumen x1.1, Ziel-RPE 8.1)\n   - Woche 8: Deload (weniger Volumen, mehr Erholung)", "is_public": false, "erstellt_am": "2026-02-04T22:10:20.610Z", "gruppe_id": "868ca150-7cb7-4abb-ac6f-c1231757eceb", "gruppe_name": "3er-Split: Push/Pull/Legs - Woche 1-4", "gruppe_reihenfolge": 2, "shared_with": []}}, {"model": "core.planuebung", "pk": 7, "fields": {"plan": 4, "uebung": 27, "reihenfolge": 1, "trainingstag": "", "saetze_ziel": 3, "wiederholungen_ziel": "8-12", "pausenzeit": 120, "superset_gruppe": 0}}, {"model": "core.planuebung", "pk": 8, "fields": {"plan": 4, "uebung": 6, "reihenfolge": 2, "trainingstag": "", "saetze_ziel": 3, "wiederholungen_ziel": "8-12", "pausenzeit": 120, "superset_gruppe": 0}}, {"model": "core.planuebung", "pk": 9, "fields": {"plan": 4, "uebung": 17, "reihenfolge": 3, "trainingstag": "", "saetze_ziel": 3, "wiederholungen_ziel": "8-12", "pausenzeit": 120, "superset_gruppe": 0}}, {"model": "core.planuebung", "pk": 10, "fields": {"plan": 4, "uebung": 21, "reihenfolge": 4, "trainingstag": "", "saetze_ziel": 3, "wiederholungen_ziel": "8-12", "pausenzeit": 120, "superset_gruppe": 0}}, {"model": "core.planuebung", "pk": 11, "fields": {"plan": 4, "uebung": 11, "reihenfolge": 5, "trainingstag": "", "saetze_ziel": 3, "wiederholungen_ziel": "8-12", "pausenzeit": 120, "superset_gruppe": 0}}, {"model": "core.planuebung", "pk": 12, "fields": {"plan": 4, "uebung": 101, "reihenfolge": 6, "trainingstag": "", "saetze_ziel": 3, "wiederholungen_ziel": "12-15", "pausenzeit": 120, "superset_gruppe": 0}}, {"model": "core.planuebung", "pk": 114, "fields": {"plan": 21, "uebung": 23, "reihenfolge": 1, "trainingstag": "Legs (Quadrizeps/Hamstrings/Waden)", "saetze_ziel": 4, "wiederholungen_ziel": "8-10", "pausenzeit": 120, "superset_gruppe": 0}}, {"model": "core.planuebung", "pk": 115, "fields": {"plan": 21, "uebung": 21, "reihenfolge": 2, "trainingstag": "Legs (Quadrizeps/Hamstrings/Waden)", "saetze_ziel": 3, "wiederholungen_ziel": "10-12", "pausenzeit": 120, "superset_gruppe": 0}}, {"model": "core.planuebung", "pk": 116, "fields": {"plan": 21, "uebung": 80, "reihenfolge": 3, "trainingstag": "Legs (Quadrizeps/Hamstrings/Waden)", "saetze_ziel": 3, "wiederholungen_ziel": "12-15", "pausenzeit": 120, "superset_gruppe": 0}}, {"model": "core.planuebung", "pk": 117, "fields": {"plan": 21, "uebung": 88, "reihenfolge": 4, "trainingstag": "Legs (Quadrizeps/Hamstrings/Waden)", "saetze_ziel": 3, "wiederholungen_ziel": "10-12", "pausenzeit": 120, "superset_gruppe": 0}}, {"model": "core.planuebung", "pk": 118, "fields": {"plan": 21, "uebung": 95, "reihenfolge": 5, "trainingstag": "Legs (Quadrizeps/Hamstrings/Waden)", "saetze_ziel": 2, "wiederholungen_ziel": "12-15", "pausenzeit": 120, "superset_gruppe": 0}}, {"model": "core.planuebung", "pk": 119, "fields": {"plan": 21, "uebung": 62, "reihenfolge": 6, "trainingstag": "Legs (Quadrizeps/Hamstrings/Waden)", "saetze_ziel": 2, "wiederholungen_ziel": "12-15", "pausenzeit": 120, "superset_gruppe": 0}}, {"model": "core.planuebung", "pk": 194, "fields": {"plan": 3, "uebung": 15, "reihenfolge": 1, "trainingstag": "", "saetze_ziel": 3, "wiederholungen_ziel": "8-12", "pausenzeit": 120, "superset_gruppe": 0}}, {"model": "core.planuebung", "pk": 195, "fields": {"plan": 3, "uebung": 45, "reihenfolge": 2, "trainingstag": "", "saetze_ziel": 3, "wiederholungen_ziel": "8-12", "pausenzeit": 120, "superset_gruppe": 0}}, {"model": "core.planuebung", "pk": 196, "fields": {"plan": 3, "uebung": 21, "reihenfolge": 3, "trainingstag": "", "saetze_ziel": 3, "wiederholungen_ziel": "8-12", "pausenzeit": 120, "superset_gruppe": 0}}, {"model": "core.planuebung", "pk": 197, "fields": {"plan": 3, "uebung": 7, "reihenfolge": 4, "trainingstag": "", "saetze_ziel": 2, "wiederholungen_ziel": "12-20", "pausenzeit": 120, "superset_gruppe": 0}}, {"model": "core.planuebung", "pk": 198, "fields": {"plan": 3, "uebung": 9, "reihenfolge": 5, "trainingstag": "", "saetze_ziel": 2, "wiederholungen_ziel": "12-20", "pausenzeit": 120, "superset_gruppe": 0}}, {"model": "core.planuebung", "pk": 199, "fields": {"plan": 3, "uebung": 57, "reihenfolge": 6, "trainingstag": "", "saetze_ziel": 2, "wiederholungen_ziel": "8-12", "pausenzeit": 120, "superset_gruppe": 0}}, {"model": "core.planuebung", "pk": 200, "fields": {"plan": 3, "uebung": 99, "reihenfolge": 7, "trainingstag": "", "saetze_ziel": 3, "wiederholungen_ziel": "8-12", "pausenzeit": 120, "superset_gruppe": 0}}, {"model": "core.planuebung", "pk": 201, "fields": {"plan": 19, "uebung": 2, "reihenfolge": 1, "trainingstag": "", "saetze_ziel": 4, "wiederholungen_ziel": "8-10", "pausenzeit": 120, "superset_gruppe": 0}}, {"model": "core.planuebung", "pk": 202, "fields": {"plan": 19, "uebung": 5, "reihenfolge": 2, "trainingstag": "", "saetze_ziel": 3, "wiederholungen_ziel": "10-12", "pausenzeit": 120, "superset_gruppe": 0}}, {"model": "core.planuebung", "pk": 203, "fields": {"plan": 19, "uebung": 11, "reihenfolge": 3, "trainingstag": "", "saetze_ziel": 3, "wiederholungen_ziel": "12-15", "pausenzeit": 120, "superset_gruppe": 0}}, {"model": "core.planuebung", "pk": 204, "fields": {"plan": 19, "uebung": 76, "reihenfolge": 4, "trainingstag": "", "saetze_ziel": 3, "wiederholungen_ziel": "10-12", "pausenzeit": 120, "superset_gruppe": 0}}, {"model": "core.planuebung", "pk": 205, "fields": {"plan": 19, "uebung": 12, "reihenfolge": 5, "trainingstag": "", "saetze_ziel": 3, "wiederholungen_ziel": "8-12", "pausenzeit": 120, "superset_gruppe": 0}}, {"model": "core.planuebung", "pk": 206, "fields": {"plan": 19, "uebung": 74, "reihenfolge": 6, "trainingstag": "", "saetze_ziel": 2, "wiederholungen_ziel": "10-12", "pausenzeit": 120, "superset_gruppe": 0}}, {"model": "core.planuebung", "pk": 264, "fields": {"plan": 20, "uebung": 21, "reihenfolge": 1, "trainingstag": "", "saetze_ziel": 4, "wiederholungen_ziel": "8-10", "pausenzeit": 120, "superset_gruppe": 0}}, {"model": "core.planuebung", "pk": 265, "fields": {"plan": 20, "uebung": 15, "reihenfolge": 2, "trainingstag": "", "saetze_ziel": 3, "wiederholungen_ziel": "8-12", "pausenzeit": 120, "superset_gruppe": 0}}, {"model": "core.planuebung", "pk": 266, "fields": {"plan": 20, "uebung": 55, "reihenfolge": 3, "trainingstag": "", "saetze_ziel": 3, "wiederholungen_ziel": "12-15", "pausenzeit": 120, "superset_gruppe": 0}}, {"model": "core.planuebung", "pk": 267, "fields": {"plan": 20, "uebung": 67, "reihenfolge": 4, "trainingstag": "", "saetze_ziel": 3, "wiederholungen_ziel": "10-12", "pausenzeit": 120, "superset_gruppe": 0}}, {"model": "core.planuebung", "pk": 268, "fields": {"plan": 20, "uebung": 37, "reihenfolge": 5, "trainingstag": "", "saetze_ziel": 2, "wiederholungen_ziel": "12-15", "pausenzeit": 120, "superset_gruppe": 0}}, {"model": "core.planuebung", "pk": 269, "fields": {"plan": 20, "uebung": 101, "reihenfolge": 6, "trainingstag": "", "saetze_ziel": 2, "wiederholungen_ziel": "10-12", "pausenzeit": 120, "superset_gruppe": 0}}, {"model": "core.planuebung", "pk": 270, "fields": {"plan": 49, "uebung": 14, "reihenfolge": 1, "trainingstag": "", "saetze_ziel": 3, "wiederholungen_ziel": "8-12", "pausenzeit": 120, "superset_gruppe": 0}}, {"model": "core.planuebung", "pk": 271, "fields": {"plan": 49, "uebung": 65, "reihenfolge": 2, "trainingstag": "", "saetze_ziel": 3, "wiederholungen_ziel": "8-12", "pausenzeit": 120, "superset_gruppe": 0}}, {"model": "core.planuebung", "pk": 272, "fields": {"plan": 49, "uebung": 26, "reihenfolge": 3, "trainingstag": "", "saetze_ziel": 3, "wiederholungen_ziel": "8-12", "pausenzeit": 120, "superset_gruppe": 0}}, {"model": "core.planuebung", "pk": 273, "fields": {"plan": 49, "uebung": 31, "reihenfolge": 4, "trainingstag": "", "saetze_ziel": 3, "wiederholungen_ziel": "8-12", "pausenzeit": 120, "superset_gruppe": 0}}, {"model": "core.planuebung", "pk": 274, "fields": {"plan": 49, "uebung": 2, "reihenfolge": 5, "trainingstag": "", "saetze_ziel": 3, "wiederholungen_ziel": "8-12", "pausenzeit": 120, "superset_gruppe": 0}}, {"model": "core.planuebung", "pk": 275, "fields": {"plan": 49, "uebung": 50, "reihenfolge": 6, "trainingstag": "", "saetze_ziel": 3, "wiederholungen_ziel": "8-12", "pausenzeit": 120, "superset_gruppe": 0}}, {"model": "core.planuebung", "pk": 276, "fields": {"plan": 49, "uebung": 10, "reihenfolge": 7, "trainingstag": "", "saetze_ziel": 3, "wiederholungen_ziel": "8-12", "pausenzeit": 120, "superset_gruppe": 0}}, {"model": "core.planuebung", "pk": 277, "fields": {"plan": 49, "uebung": 55, "reihenfolge": 8, "trainingstag": "", "saetze_ziel": 3, "wiederholungen_ziel": "8-12", "pausenzeit": 120, "superset_gruppe": 0}}, {"model": "core.planuebung", "pk": 278, "fields": {"plan": 49, "uebung": 69, "reihenfolge": 9, "trainingstag": "", "saetze_ziel": 3, "wiederholungen_ziel": "8-12", "pausenzeit": 120, "superset_gruppe": 0}}, {"model": "core.planuebung", "pk": 279, "fields": {"plan": 49, "uebung": 100, "reihenfolge": 10, "trainingstag": "", "saetze_ziel": 3, "wiederholungen_ziel": "8-12", "pausenzeit": 120, "superset_gruppe": 0}}, {"model": "core.planuebung", "pk": 408, "fields": {"plan": 75, "uebung": 2, "reihenfolge": 1, "trainingstag": "Push", "saetze_ziel": 4, "wiederholungen_ziel": "8-10", "pausenzeit": 120, "superset_gruppe": 0}}, {"model": "core.planuebung", "pk": 409, "fields": {"plan": 75, "uebung": 5, "reihenfolge": 2, "trainingstag": "Push", "saetze_ziel": 3, "wiederholungen_ziel": "10-12", "pausenzeit": 90, "superset_gruppe": 0}}, {"model": "core.planuebung", "pk": 410, "fields": {"plan": 75, "uebung": 11, "reihenfolge": 3, "trainingstag": "Push", "saetze_ziel": 3, "wiederholungen_ziel": "12-15", "pausenzeit": 60, "superset_gruppe": 0}}, {"model": "core.planuebung", "pk": 411, "fields": {"plan": 75, "uebung": 76, "reihenfolge": 4, "trainingstag": "Push", "saetze_ziel": 3, "wiederholungen_ziel": "12-15", "pausenzeit": 60, "superset_gruppe": 0}}, {"model": "core.planuebung", "pk": 412, "fields": {"plan": 75, "uebung": 74, "reihenfolge": 5, "trainingstag": "Push", "saetze_ziel": 2, "wiederholungen_ziel": "10-12", "pausenzeit": 60, "superset_gruppe": 0}}, {"model": "core.planuebung", "pk": 413, "fields": {"plan": 76, "uebung": 20, "reihenfolge": 1, "trainingstag": "Pull", "saetze_ziel": 4, "wiederholungen_ziel": "8-10", "pausenzeit": 120, "superset_gruppe": 0}}, {"model": "core.planuebung", "pk": 414, "fields": {"plan": 76, "uebung": 15, "reihenfolge": 2, "trainingstag": "Pull", "saetze_ziel": 3, "wiederholungen_ziel": "10-12", "pausenzeit": 90, "superset_gruppe": 0}}, {"model": "core.planuebung", "pk": 415, "fields": {"plan": 76, "uebung": 55, "reihenfolge": 3, "trainingstag": "Pull", "saetze_ziel": 3, "wiederholungen_ziel": "12-15", "pausenzeit": 60, "superset_gruppe": 0}}, {"model": "core.planuebung", "pk": 416, "fields": {"plan": 76, "uebung": 67, "reihenfolge": 4, "trainingstag": "Pull", "saetze_ziel": 3, "wiederholungen_ziel": "10-12", "pausenzeit": 60, "superset_gruppe": 0}}, {"model": "core.planuebung", "pk": 417, "fields": {"plan": 76, "uebung": 9, "reihenfolge": 5, "trainingstag": "Pull", "saetze_ziel": 2, "wiederholungen_ziel": "12-15", "pausenzeit": 60, "superset_gruppe": 0}}, {"model": "core.planuebung", "pk": 418, "fields": {"plan": 77, "uebung": 23, "reihenfolge": 1, "trainingstag": "Legs", "saetze_ziel": 4, "wiederholungen_ziel": "8-10", "pausenzeit": 120, "superset_gruppe": 0}}, {"model": "core.planuebung", "pk": 419, "fields": {"plan": 77, "uebung": 24, "reihenfolge": 2, "trainingstag": "Legs", "saetze_ziel": 3, "wiederholungen_ziel": "10-12", "pausenzeit": 90, "superset_gruppe": 0}}, {"model": "core.planuebung", "pk": 420, "fields": {"plan": 77, "uebung": 33, "reihenfolge": 3, "trainingstag": "Legs", "saetze_ziel": 3, "wiederholungen_ziel": "12-15", "pausenzeit": 60, "superset_gruppe": 0}}, {"model": "core.planuebung", "pk": 421, "fields": {"plan": 77, "uebung": 80, "reihenfolge": 5, "trainingstag": "Legs", "saetze_ziel": 2, "wiederholungen_ziel": "10-12", "pausenzeit": 60, "superset_gruppe": 0}}, {"model": "core.pushsubscription", "pk": 5, "fields": {"user": 2, "endpoint": "https://fcm.googleapis.com/fcm/send/cb9XQlwCuNA:APA91bE3BmY_AOhEqcBeO6bf4-v3qkVA04NWgdEjXP4N8M7fjNXjq7IB9oLTLLyQLXkMMIdyxUtX2lyt3EBHmuJdGrlrK0F2Kl5HYb29dwXYRDbe0UbiPgB1H6RFAZ_ejSg_UjdOM5Tf", "p256dh": "BOk9Mjfq_Pgx0mDyNcK5y_2_-pYfRaH96m-zojF9sE8uzNjn2AbwDHFbhzXS5KVEJfR_xArhpWiuDuDpthWiNdM", "auth": "05fyBVH0GEIy_kegwMGB-w", "user_agent": "Mozilla/5.0 (Linux; Android 6.0; Nexus 5 Build/MRA58N) AppleWebKit/537.36 (KHTML, like Gecko) Chrome/144.0.0.0 Mobile Safari/537.36", "created_at": "2026-02-05T18:00:46.232Z", "last_used": "2026-02-05T18:00:46.232Z", "training_reminders": true, "rest_day_reminders": true, "achievement_notifications": true}}, {"model": "core.pushsubscription", "pk": 6, "fields": {"user": 2, "endpoint": "https://fcm.googleapis.com/fcm/send/fyDXi5LjBPs:APA91bHicJp6uSwyIp6pfBj6CXgncJX7Aaou_r0cwvlum4nwpE9KFR9A6TsgPouPxR0GRGptOyif-7nZ9pYX4HvIlCyPE0loDSZ7f5VE-pm1IdNMfDWUA_ZTkpmYHSW1jGy0Bz9q4JWi", "p256dh": "BNcjuYpnDvb72l82VNcbRINa9vSafhkJv_p8lQGb0FKXP5ESF53G9KssegJRV1lwuvLvZmJgMzKemd1uSupjw1o", "auth": "Dakm24f3SOmVdEMO95b2wA", "user_agent": "Mozilla/5.0 (Linux; Android 10; K) AppleWebKit/537.36 (KHTML, like Gecko) Chrome/144.0.0.0 Mobile Safari/537.36", "created_at": "2026-02-05T21:08:16.812Z", "last_used": "2026-02-05T21:08:16.812Z", "training_reminders": true, "rest_day_reminders": true, "achievement_notifications": true}}, {"model": "core.mlpredictionmodel", "pk": 1, "fields": {"user": 2, "model_type": "STRENGTH", "status": "READY", "model_path": "/var/www/vhosts/last-strawberry.com/gym.last-strawberry.com/media/ml_models/user_2_uebung_2_strength.pkl", "trained_at": "2026-02-08T07:27:12.284Z", "training_samples": 15, "accuracy_score": 0.9070537319882499, "mean_absolute_error": 0.9286587301587256, "uebung": 2, "hyperparameters": {"n_estimators": 50, "max_depth": 10, "min_samples_split": 5}, "feature_stats": {"mean": [36.46666666666667, 9.133333333333333, 1.3333333333333333, 8.8, 2.4], "std": [4.616877251514875, 1.3097921802925665, 2.674987019698517, 1.0456258094238746, 1.0832051206181281], "min": [30.0, 6.0, 0.0, 7.0, 1.0], "max": [41.0, 10.0, 7.0, 10.0, 4.0]}}}, {"model": "core.mlpredictionmodel", "pk": 2, "fields": {"user": 2, "model_type": "STRENGTH", "status": "READY", "model_path": "/var/www/vhosts/last-strawberry.com/gym.last-strawberry.com/media/ml_models/user_2_uebung_5_strength.pkl", "trained_at": "2026-02-08T07:27:12.392Z", "training_samples": 11, "accuracy_score": -0.33620000000000294, "mean_absolute_error": 0.3533333333333329, "uebung": 5, "hyperparameters": {"n_estimators": 50, "max_depth": 10, "min_samples_split": 5}, "feature_stats": {"mean": [20.454545454545453, 10.363636363636363, 1.8181818181818181, 9.363636363636363, 1.9090909090909092], "std": [0.49792959773196915, 1.822721605069402, 2.9792672014861705, 0.77138921583987, 0.7925270806437588], "min": [20.0, 8.0, 0.0, 8.0, 1.0], "max": [21.0, 12.0, 7.0, 10.0, 3.0]}}}, {"model": "core.mlpredictionmodel", "pk": 3, "fields": {"user": 2, "model_type": "STRENGTH", "status": "READY", "model_path": "/var/www/vhosts/last-strawberry.com/gym.last-strawberry.com/media/ml_models/user_2_uebung_11_strength.pkl", "trained_at": "2026-02-08T07:27:12.483Z", "training_samples": 17, "accuracy_score": 0.43810566255144034, "mean_absolute_error": 1.5122916666666661, "uebung": 11, "hyperparameters": {"n_estimators": 50, "max_depth": 10, "min_samples_split": 5}, "feature_stats": {"mean": [8.529411764705882, 12.941176470588236, 1.5294117647058822, 9.0, 1.9411764705882353], "std": [2.7195944130745486, 2.071390219018707, 2.5922428866506713, 0.7669649888473704, 0.8022459821756386], "min": [5.0, 8.0, 0.0, 8.0, 1.0], "max": [12.5, 15.0, 7.0, 10.0, 3.0]}}}, {"model": "core.mlpredictionmodel", "pk": 4, "fields": {"user": 2, "model_type": "STRENGTH", "status": "READY", "model_path": "/var/www/vhosts/last-strawberry.com/gym.last-strawberry.com/media/ml_models/user_2_uebung_12_strength.pkl", "trained_at": "2026-02-08T07:27:12.567Z", "training_samples": 11, "accuracy_score": 1.0, "mean_absolute_error": 0.0, "uebung": 12, "hyperparameters": {"n_estimators": 50, "max_depth": 10, "min_samples_split": 5}, "feature_stats": {"mean": [0.0, 11.454545454545455, 1.8181818181818181, 8.727272727272727, 1.9090909090909092], "std": [0.0, 0.8907235428302467, 2.9792672014861705, 0.44536177141512334, 0.7925270806437588], "min": [0.0, 10.0, 0.0, 8.0, 1.0], "max": [0.0, 12.0, 7.0, 9.0, 3.0]}}}, {"model": "core.mlpredictionmodel", "pk": 5, "fields": {"user": 2, "model_type": "STRENGTH", "status": "READY", "model_path": "/var/www/vhosts/last-strawberry.com/gym.last-strawberry.com/media/ml_models/user_2_uebung_15_strength.pkl", "trained_at": "2026-02-08T07:27:12.690Z", "training_samples": 17, "accuracy_score": 0.48848228395346105, "mean_absolute_error": 3.113952380952381, "uebung": 15, "hyperparameters": {"n_estimators": 50, "max_depth": 10, "min_samples_split": 5}, "feature_stats": {"mean": [27.823529411764707, 11.588235294117647, 1.7058823529411764, 8.117647058823529, 1.9411764705882353], "std": [4.218102362822956, 0.9112901991076273, 2.7603219309764864, 1.0782531046954915, 0.8022459821756386], "min": [20.0, 9.0, 0.0, 6.0, 1.0], "max": [31.0, 12.0, 7.0, 10.0, 3.0]}}}, {"model": "core.mlpredictionmodel", "pk": 6, "fields": {"user": 2, "model_type": "STRENGTH", "status": "READY", "model_path": "/var/www/vhosts/last-strawberry.com/gym.last-strawberry.com/media/ml_models/user_2_uebung_21_strength.pkl", "trained_at": "2026-02-08T07:27:12.803Z", "training_samples": 36, "accuracy_score": 0.9506990790717794, "mean_absolute_error": 1.0359583333333298, "uebung": 21, "hyperparameters": {"n_estimators": 50, "max_depth": 10, "min_samples_split": 5}, "feature_stats": {"mean": [37.361111111111114, 11.166666666666666, 0.8333333333333334, 8.305555555555555, 2.1944444444444446], "std": [10.201859247155168, 0.9860132971832695, 1.5898986690282426, 0.7752936520529367, 0.9949719271429067], "min": [20.0, 10.0, 0.0, 7.0, 1.0], "max": [48.5, 12.0, 6.0, 10.0, 4.0]}}}, {"model": "core.mlpredictionmodel", "pk": 7, "fields": {"user": 2, "model_type": "STRENGTH", "status": "READY", "model_path": "/var/www/vhosts/last-strawberry.com/gym.last-strawberry.com/media/ml_models/user_2_uebung_55_strength.pkl", "trained_at": "2026-02-08T07:27:12.991Z", "training_samples": 11, "accuracy_score": 0.4939083333333335, "mean_absolute_error": 0.5555555555555554, "uebung": 55, "hyperparameters": {"n_estimators": 50, "max_depth": 10, "min_samples_split": 5}, "feature_stats": {"mean": [11.818181818181818, 12.545454545454545, 1.8181818181818181, 9.363636363636363, 1.9090909090909092], "std": [1.1134044285378086, 3.1439302665073785, 2.9792672014861705, 0.77138921583987, 0.7925270806437588], "min": [10.0, 7.0, 0.0, 8.0, 1.0], "max": [12.5, 15.0, 7.0, 10.0, 3.0]}}}, {"model": "core.mlpredictionmodel", "pk": 8, "fields": {"user": 2, "model_type": "STRENGTH", "status": "READY", "model_path": "/var/www/vhosts/last-strawberry.com/gym.last-strawberry.com/media/ml_models/user_2_uebung_67_strength.pkl", "trained_at": "2026-02-08T07:27:13.087Z", "training_samples": 11, "accuracy_score": 1.0, "mean_absolute_error": 0.0, "uebung": 67, "hyperparameters": {"n_estimators": 50, "max_depth": 10, "min_samples_split": 5}, "feature_stats": {"mean": [15.0, 11.454545454545455, 1.8181818181818181, 8.909090909090908, 1.9090909090909092], "std": [0.0, 1.233150906022776, 2.9792672014861705, 0.7925270806437588, 0.7925270806437588], "min": [15.0, 8.0, 0.0, 8.0, 1.0], "max": [15.0, 12.0, 7.0, 10.0, 3.0]}}}, {"model": "core.mlpredictionmodel", "pk": 9, "fields": {"user": 2, "model_type": "STRENGTH", "status": "READY", "model_path": "/var/www/vhosts/last-strawberry.com/gym.last-strawberry.com/media/ml_models/user_2_uebung_76_strength.pkl", "trained_at": "2026-02-08T07:27:13.187Z", "training_samples": 11, "accuracy_score": 1.0, "mean_absolute_error": 0.0, "uebung": 76, "hyperparameters": {"n_estimators": 50, "max_depth": 10, "min_samples_split": 5}, "feature_stats": {"mean": [5.0, 12.0, 1.8181818181818181, 8.636363636363637, 1.9090909090909092], "std": [0.0, 0.0, 2.9792672014861705, 0.642824346533225, 0.7925270806437588], "min": [5.0, 12.0, 0.0, 8.0, 1.0], "max": [5.0, 12.0, 7.0, 10.0, 3.0]}}}, {"model": "core.mlpredictionmodel", "pk": 10, "fields": {"user": 2, "model_type": "STRENGTH", "status": "READY", "model_path": "/var/www/vhosts/last-strawberry.com/gym.last-strawberry.com/media/ml_models/user_2_uebung_101_strength.pkl", "trained_at": "2026-02-08T07:27:13.286Z", "training_samples": 13, "accuracy_score": 1.0, "mean_absolute_error": 0.0, "uebung": 101, "hyperparameters": {"n_estimators": 50, "max_depth": 10, "min_samples_split": 5}, "feature_stats": {"mean": [0.0, 12.692307692307692, 2.1538461538461537, 8.692307692307692, 1.6923076923076923], "std": [0.0, 1.635407048113023, 2.8513466142847137, 0.72160242458822, 0.7216024245882199], "min": [0.0, 10.0, 0.0, 8.0, 1.0], "max": [0.0, 15.0, 7.0, 10.0, 3.0]}}}, {"model": "core.mlpredictionmodel", "pk": 11, "fields": {"user": 2, "model_type": "STRENGTH", "status": "READY", "model_path": "/var/www/vhosts/last-strawberry.com/gym.last-strawberry.com/media/ml_models/user_2_uebung_23_strength.pkl", "trained_at": "2026-02-08T07:27:12.895Z", "training_samples": 11, "accuracy_score": 0.11634219472788998, "mean_absolute_error": 0.8643452380952391, "uebung": 23, "hyperparameters": {"n_estimators": 50, "max_depth": 10, "min_samples_split": 5}, "feature_stats": {"mean": [11.681818181818182, 9.818181818181818, 1.2727272727272727, 7.454545454545454, 2.3636363636363638], "std": [1.1134044285378084, 0.5749595745760689, 2.73332661424962, 0.49792959773196915, 1.067940011315521], "min": [11.0, 8.0, 0.0, 7.0, 1.0], "max": [13.5, 10.0, 8.0, 8.0, 4.0]}}}]
